Auction Date,Make,Model,Year,Kilometers,Miles,Mileage Notes,Sale_Status,Final Bid Price,VIN,Details,URL
11/1/22,PORSCHE,911SC,1979,99779.0,62000.0,"62k Miles Shown, TMU",Sold,86000.0,9119200119,"Chassis: 9119200119 ,62k Miles Shown, TMU ,3.2-Liter Flat-Six ,Five-Speed Manual Transaxle ,Viper Green Diamond Paint ,Black Leather w/Houndstooth Cloth Inserts ,Dual 46mm PMO Carburetors ,LN Engineering 98mm Nickies Cylinders ,Twin-Plug Cylinder Heads ,Elgin Camshafts ,Seine Systems Gate Shift Kit ,Ducktail Spoiler ,GT Classics PanAm Sport Seats ,Power Windows ,SSI Heat Exchangers ,Power Disc Brakes ,Bilstein Shocks  ,Tarett Sway Bars ,Fuchs-Style 17"" Fikse Wheels",https://bringatrailer.com/listing/1979-porsche-911sc-67/
11/1/22,MERCEDES-BENZ,W123,1978,292899.0,182000.0,182k Miles Shown,Sold,8000.0,12313012084731,"Chassis: 12313012084731 ,182k Miles Shown ,3.0-Liter Diesel Inline-Five ,4-Speed Automatic Transmission ,Medium Red Paint ,Tan MB-Tex Upholstery ,14"" Steel Wheels ,Power Antenna ,Becker Europa II AM/FM Stereo ,Manufacturer's Literature",https://bringatrailer.com/listing/1978-mercedes-benz-300d-18/
11/1/22,CHEVROLET,C/K GMT400 (1988-2002),1995,74029.0,46000.0,46k Miles Shown ,Sold,28000.0,2GCEK19K8S1287430,"Chassis: 2GCEK19K8S1287430 ,46k Miles Shown  ,5.7-Liter V8 ,Four-Speed Automatic Transmission ,Dual-Range Transfer Case ,Victory Red and White Paint ,Ruby Red Cloth Upholstery ,16"" Aluminum Wheels ,Z71 Off-Road Package ,Sport Package  ,Aluminum Running Boards ,Air Conditioning ,AM/FM Cassette Stereo ,Power Accessories  ,Clean Carfax Report",https://bringatrailer.com/listing/1995-chevrolet-k1500-silverado-7/
11/1/22,BMW,Z3 M COUPE,2000,102997.0,64000.0,64k Miles,Sold,39800.0,WBSCM934XYLC61680,"Chassis: WBSCM934XYLC61680 ,One Owner ,64k Miles ,3.2-Liter S52 Inline-Six ,Five-Speed Manual Transmission ,Limited-Slip Differential ,Titanium Silver Metallic Paint ,Dark Gray & Black Nappa Leather ,Harman Kardon Sound System ,17"" Style 40 Wheels ,Heated Sport Seats ,Air Conditioning  ,Cruise Control ,Power Sunroof ,Purchase Documents ,Service Records Since 2000 ,Clean Carfax Report",https://bringatrailer.com/listing/2000-bmw-m-coupe-74/
11/1/22,ROLLS-ROYCE,SY SILVER SHADOW & SILVER WRAITH II,1971,148059.0,92000.0,92k Miles Shown,Sold,9500.0,LRX11392,"Chassis: LRX11392 ,92k Miles Shown ,6.75-Liter V8 ,Three-Speed Automatic Transmission ,Metallic Blue Paint ,Beige Leather Upholstery ,Long-Wheelbase Example ,15"" Steel Wheels ,Everflex Roof Cover  ,Cruise Control ,AM/FM Stereo ,Wood Interior Trim ,Power Windows & Door Locks ,Workshop Manuals",https://bringatrailer.com/listing/1971-rolls-royce-silver-shadow-5/
11/1/22,PONTIAC,FIREBIRD,1979,96560.0,60000.0,"60k Miles Shown, TMU",Not Sold,18008.0,2W87K9N129905,"Chassis: 2W87K9N129905 ,60k Miles Shown, TMU ,403ci V8 ,Three-Speed Automatic Transmission ,Repainted in Black ,Gold Body Graphics ,Camel Interior ,Shaker Hood ,15"" Snowflake Wheels ,Power Windows ,White-Dial Instruments ,Panasonic Stereo ,Manuals & Accessories",https://bringatrailer.com/listing/1979-pontiac-trans-am-127/
11/1/22,PORSCHE,964 911,1990,83685.0,52000.0,52k Miles Shown,Sold,125500.0,WP0BB2963LS460297,"Chassis: WP0BB2963LS460297 ,52k Miles Shown ,3.6-Liter Flat-Six ,Five-Speed Manual Transaxle ,Green Paint w/ Yellow Porsche Script ,Tan Leather w/ Green Houndstooth Inserts ,Black Targa Top ,17"" Fuchs Wheels ,Fog Lights ,Power-Adjustable Front Seats ,Kenwood CD Stereo ,Cruise Control ,Air Conditioning ,Power Windows & Locks",https://bringatrailer.com/listing/1990-porsche-911-carrera-4-targa-2/
11/1/22,HONDA,MOTORCYCLES,1970,4828.0,3000.0,3k Miles Shown,Sold,6250.0,SL100124704,"Chassis: SL100124704 ,3k Miles Shown ,99cc Four-Stroke Single ,Five-Speed Transmission ,Metallic Red Paint w/White Graphics ,Black Vinyl Solo Saddle ,Keihin Carburetor ,Upswept Exhaust ,Skid Plate ,Chrome Mirrors ,Headlight & Taillight ,High-Mounted Fenders ,Side Stand ,Tool Kit ,Owner & Repair Manuals ,Sales Literature",https://bringatrailer.com/listing/1970-honda-sl100-4/
11/1/22,VOLKSWAGEN,GOLF/RABBIT CABRIOLET,1993,151277.0,94000.0,94k Miles Shown,Sold,14000.0,WVWAB5152PK012283,"Chassis: WVWAB5152PK012283 ,94k Miles Shown ,1.8-Liter Inline-Four ,5-Speed Manual Transaxle ,Red Paint ,White Soft Top w/Boot Cover ,White Vinyl Upholstery ,14"" Alloy Wheels ,Air Conditioning ,Power Windows ,Alpine CD Stereo ,Clean Carfax Report",https://bringatrailer.com/listing/1993-volkswagen-cabriolet-11/
11/1/22,VOLKSWAGEN,BUS,1970,62764.0,39000.0,"39k Miles Shown, TMU",Not Sold,19750.0,2302002228,"Chassis: 2302002228 ,39k Miles Shown, TMU ,1.6-Liter Flat-Four ,Four-Speed Manual Transaxle ,Cream Paint ,Cassette Stereo ,Jalousie Windows ,Fold-Out Tables ,Icebox ,Under-Dash Parcel Shelf",https://bringatrailer.com/listing/1970-volkswagen-westfalia-2/
11/1/22,DODGE,CHALLENGER,2018,40.0,25.0,25 Miles,Sold,156000.0,2C3CDZH90JH100609,"Chassis: 2C3CDZH90JH100609 ,25 Miles ,Supercharged 6.2-Liter Hemi V8  ,Eight-Speed Automatic Transmission  ,Limited-Slip Differential ,TorRed Paint  ,Black Laguna Leather & Alcantara Upholstery ,20″ Mopar Devil’s Rim Wheels ,Brembo Brakes ,Widebody Fender Flares ,Air-Catcher Headlights ,Air-Grabber Hood ,18-Speaker Harman Kardon Sound System ,Heated & Ventilated Seats ,Heated Steering Wheel ,Red Seat Belts ,Rearview Camera ,Removed Factory 18"" Aluminum Wheels ,Demon Crate  ,Demon Car Covers ,Accident-Free Carfax Report ",https://bringatrailer.com/listing/2018-dodge-challenger-demon-131/
11/1/22,PACKARD,EIGHT,1942,,,"One Mile Shown, TMU ",Not Sold,40500.0,E302200,"Chassis: E302200 ,One Mile Shown, TMU  ,282ci Straight-Eight  ,Three-Speed Manual Transmission  ,Blue Paint  ,Blue Leather Upholstery  ,Blue Soft Top  ,Driver-Side Spotlight ,Bakelite Interior Trim ,Cigar Lighter ,Owner's Manual  ,Refurbishment Records ",https://bringatrailer.com/listing/1942-packard-120-2/
11/1/22,TOYOTA,FJ CRUISER,2014,74029,46000,46k Miles,Sold,45000.0,JTEBU4BF9EK192063,"Chassis: JTEBU4BF9EK192063 ,46k Miles ,4.0-Liter V6  ,Five-Speed Automatic Transmission ,Dual-Range Transfer Case ,Locking Rear Differential ,Heritage Blue Paint ,Black & Gray Cloth Upholstery ,16″ TRD Alloy Wheels ,Bilstein Shocks ,A-Trac Traction Control ,Roof Rack ,Receiver Hitch ,Rear Parking Sensors ,Backup Camera ,Air Conditioning ,CD Stereo ,Window Sticker ,Clean Carfax Report",https://bringatrailer.com/listing/2014-toyota-fj-cruiser-100/
11/1/22,PONTIAC,GTO,1965,5793,3600,"3,600 Miles Shown, TMU",Not Sold,36000.0,237375P232161,"Chassis: 237375P232161 ,3,600 Miles Shown, TMU ,Replacement 421ci V8 ,Triple Two-Barrel Carburetors ,M20 Four-Speed Manual Transmission ,12-Bolt Positraction Rear Axle ,Torch Red Paint ,Black Vinyl Upholstery ,14"" Rally Wheels ,Edelbrock Cylinder Heads ,MSD Electronic Ignition & Distributor ,Dual Exhaust w/Xlerator Mufflers ,Hurst Shifter ,Aftermarket Speakers ,Trunk-Mounted Pioneer CD Stereo ,PHS Documents",https://bringatrailer.com/listing/1965-pontiac-gto-79/
11/1/22,HONDA,MOTORCYCLES,1961,399,248,"248 Miles Shown, TMU",Sold,13000.0,CA7711010,"Chassis: CA7711010 ,248 Miles Shown, TMU ,305cc SOHC Parallel Twin ,Four-Speed Transmission ,Dark Blue Paint ,Blue Two-Up Seat ,Keihin Carburetor ,Electric Starter ,Leading-Link Pressed-Steel Fork ,Valanced Fenders ,Chrome Dual Exhaust System ,Center & Side Stands ,Chrome Engine Guard ,Frame-Mounted Air Pump",https://bringatrailer.com/listing/1961-honda-ca77/
11/1/22,MG,B,1970,101388,63000,"63k Miles Shown, TMU",Sold,16250.0,GHD5UA208048G,"Chassis: GHD5UA208048G ,63k Miles Shown, TMU ,Overbored 1.8-Liter Inline-Four ,Four-Speed Manual Gearbox w/OD ,Bronze Yellow Paint  ,Black Vinyl Upholstery w/Red Piping  ,14"" VTO Alloy Wheels ,Front Disc Brakes ,Chrome Bumpers w/Split Rear Bumper ,Lucas Driving Lights ,Aluminum Radiator ,Weber Carburetor ,16-Gallon Fuel Tank ,Wood-Rimmed Steering Wheel ,BMIHT Certificate ,Partial Service Records",https://bringatrailer.com/listing/1970-mg-mgb-gt-24/
11/1/22,PORSCHE,986 BOXSTER,2001,91732,57000,57k Miles,Not Sold,15250.0,WP0CB29891S660152,"Chassis: WP0CB29891S660152 ,57k Miles ,3.2-Liter Flat-Six ,Five-Speed Automatic Transaxle ,Cobalt Blue Metallic Paint ,Black Full Leather Upholstery ,Black Convertible Soft Top ,Heated & Powered Seats w/Lumbar ,Speed-Activated Rear Spoiler ,18″ Sport Design Wheels ,Xenon Headlights ,Cruise Control ,Hi-Fi Sound System ,Accident-Free Carfax Report",https://bringatrailer.com/listing/2001-porsche-boxster-s-118/
11/1/22,LAND ROVER,90 / DEFENDER 90 (EURO SPEC),1996,283000,175847,"283k kilometers (~176k miles), TMU",Not Sold,53500.0,SALLDVAF8TA976289,"Chassis: SALLDVAF8TA976289 ,283k kilometers (~176k miles), TMU ,2.5-Liter Turbodiesel Inline-Four ,Five-Speed Manual Transmission ,Dual-Range Transfer Case ,Bronze Paint ,Brown Leather Upholstery ,18"" Alloy Wheels ,Black Soft Top ,LED Lighting ,Side Steps ,Steel Rear Step Bumper ,Roll Cage ,Rear Inward-Facing Jump Seats ,Air Conditioning ,Aftermarket Touchscreen Stereo",https://bringatrailer.com/listing/1996-land-rover-defender-90-23/
11/1/22,LEXUS,LX470,2006,144840,90000,90k Miles,Sold,34500.0,JTJHT00W264010235,"Chassis: JTJHT00W264010235 ,90k Miles ,4.7-Liter V8 ,Five-Speed Automatic Transmission ,Dual-Range Transfer Case ,Locking Center Differential ,Sand Dollar Pearl Paint ,Ivory Leather Upholstery ,Adaptive Variable Suspension w/Adjustable Height Control ,Power Sunroof ,Automatic Climate Control ,Rear-View Camera ,Heated Power-Adjustable Front Seats ,Third-Row Seating ,Navigation ,Mark Levinson Sound System ,CD Stereo ,Accident-Free Carfax Report",https://bringatrailer.com/listing/2006-lexus-lx470-12/
11/1/22,LAND ROVER,DISCOVERY,2004,91732,57000,57k Miles,Sold,18250.0,SALTY19404A852472,"Chassis: SALTY19404A852472 ,57k Miles ,4.6-Liter V8 ,Four-Speed Automatic Transmission ,Dual-Range Transfer Case ,Epsom Green ,Alpaca Beige Leather Upholstery ,18"" Wheels ,Dual Sunroofs & Alpine Windows ,Fog Lights ,Receiver Hitch ,Heated & Power-Adjustable Front Seats ,Dual-Zone Automatic Climate Control ,Woodgrain Trim Accents ,Clean Carfax Report",https://bringatrailer.com/listing/2004-land-rover-discovery-ii-22/
11/1/22,TOYOTA,LAND CRUISER 60-SERIES,1986,432912,269000,269k Miles Shown,Not Sold,10888.0,JT3FJ60G4G1133702,"Chassis: JT3FJ60G4G1133702 ,269k Miles Shown ,4.2-Liter Inline-Six ,Four-Speed Manual Transmission ,Dual-Range Transfer Case ,Red Paint ,Gray Cloth Upholstery ,15"" Polished Steel Wheels ,Front Disc Brakes ,Locking Front Hubs ,Chrome Bumpers ,Sport Side Mirrors ,Rear Window Defroster ,Clean Carfax Report",https://bringatrailer.com/listing/1986-toyota-land-cruiser-fj60-60/
11/1/22,LEXUS,SC COUPE,1997,262322,163000,163k Miles Indicated,Sold,17000.0,JT8CD32Z7V1000088,"Chassis: JT8CD32Z7V1000088 ,163k Miles Indicated ,3.0L 2JZ-GE Inline-Six ,Five-Speed Manual Transmission ,Repainted Black ,Reupholstered in Black ,18"" BBS RG Wheels ,HKS Coilovers ,Daizen Sport Tuning Anti-Roll Bars ,Automatic Climate Control ,Cruise Control ,AM/FM Cassette Stereo ,Trunk-Mounted CD Changer  ,Koyorad Radiator ,APEXi Exhaust System ,TRD Shift Knob ,Carfax Report ",https://bringatrailer.com/listing/1997-lexus-sc300-16/
11/1/22,CHEVROLET,CORVAIR,1962,112653,70000,"70k Miles Shown, TMU",Sold,21500.0,2R124S118185,"Chassis: 2R124S118185 ,70k Miles Shown, TMU ,145ci Flat-Six ,Four-Speed Manual Transaxle ,Repainted Black ,Black Leather Upholstery ,15"" Wheels ,Front Disc Brakes ,Side-Loading Ramp ,Spray-In Bedliner ,RetroSound Head Unit w/Aftermarket Speakers ,Recent Service Records",https://bringatrailer.com/listing/1962-chevrolet-corvair-95-rampside/
11/1/22,ACURA,NSX NA1/NA2,1991,117481,73000,73k Miles Shown,Sold,61000.0,JH4NA1260MT001906,"Chassis: JH4NA1260MT001906 ,73k Miles Shown ,3.0-Liter V6 ,Four-Speed Automatic Transaxle ,Sebring Silver Metallic Paint ,Black Leather Upholstery ,Black Roof Panel ,Carbon-Fiber Spoiler ,Power-Adjustable Seats ,18” & 19” Ace Alloy Wheels ,Aftermarket Exhaust System ,Front & Rear Parking Sensors ,Kenwood Stereo w/Backup Camera ,Service Records & Spare Parts ,Spare Set of Wheels ,Clean Carfax Report",https://bringatrailer.com/listing/1991-acura-nsx-178-2/
11/1/22,ACURA,NSX NC1,2017,12874,8000,8k Miles,Sold,139000.0,19UNC1B04HY000940,"Chassis: 19UNC1B04HY000940 ,8k Miles ,Twin-Turbocharged 3.5-Liter V6 ,Three Electric Motors ,Nine-Speed Dual-Clutch Transmission ,All-Wheel Drive ,Curva Red Paint ,Ebony Leather & Alcantara Upholstery ,19"" & 20"" Wheels ,Carbon-Ceramic Brakes ,Exterior Sport Package ,Carbon-Fiber Engine Cover ,LED Headlights ,Carbon-Fiber Interior Package ,ELS Audio System ,Window Sticker ,Clean Carfax Report",https://bringatrailer.com/listing/2017-acura-nsx-35/
11/1/22,CHEVROLET,TRI-5,1955,17702,11000,"11k Miles Shown, TMU",Sold,110000.0,VC55L085793,"Chassis: VC55L085793 ,11k Miles Shown, TMU ,540ci V8 ,Tremec 5-Speed Manual Transmission ,Black & White Paint ,Black & White Vinyl Upholstery ,Art Morrison Chassis ,Independent Front Suspension ,Strange Engineering Coilovers ,15"" ET Classic Wheels ,Wilwood Front Disc Brakes ,Edelbrock Victor Jr Intake Manifold ,RHS Cylinder Heads ,MSD Electronic Ignition & Distributor ,Aluminum Radiator w/Electric Fans ,Retro-Style Digital Cassette Stereo ,Hurst Shifter",https://bringatrailer.com/listing/1955-chevrolet-bel-air-76/
11/1/22,TOYOTA,PICKUP,1999,122309,76000,76k Miles,Sold,28250.0,4TAWN72NXXZ462483,"Chassis: 4TAWN72NXXZ462483 ,76k Miles ,3.4-Liter V6 ,5-Speed Manual Transmission ,Dual-Range Transfer Case ,Locking Rear Differential ,Imperial Jade Mica Paint ,Gray Cloth Upholstery ,15"" Alloy Wheels ,Leer Canopy ,Mud Flaps ,Sliding Rear Window ,Power Accessories ,Air Conditioning ,Cruise Control ,Cassette Stereo ,Manufacturer's Literature ,Clean Carfax Report",https://bringatrailer.com/listing/1999-toyota-tacoma-sr5-4x4-27/
11/1/22,MERCEDES-BENZ,CL-CLASS,2011,28968,18000,18k Miles,Sold,30250.0,WDDEJ9EB0BA026148,"Chassis: WDDEJ9EB0BA026148 ,18k Miles ,Twin-Turbocharged 4.7-Liter V8 ,Seven-Speed Automatic Transmission ,Diamond White Metallic Paint ,Tan Nappa Leather Upholstery ,Sport Package ,19"" AMG Wheels ,Bi-Xenon Headlamps w/Curve Illumination ,Glass Sunroof ,Parking Sensors ,Keyless Go ,Dynamic Front Seats w/Climate Control ,Dual-Zone Automatic Climate Control ,Night View Assist ,COMAND Infotainment w/Navigation ,Harman Kardon Sound System ,Power Rear Window Blind ,Clean Carfax Report",https://bringatrailer.com/listing/2011-mercedes-benz-cl550-4matic/
11/1/22,BMW,E39 5-SERIES,2000,133575,83000,83k Miles,Sold,15500.0,WBADN5349YGC94967,"Chassis: WBADN5349YGC94967 ,83k Miles ,4.4-Liter M62 V8 ,Six-Speed Manual Transmission ,Titanium Silver Metallic Paint ,Black Leather Upholstery ,17"" Style 32 Alloy Wheels ,Sport Package ,Xenon Headlights ,Heated Power-Adjustable Front Sport Seats ,Sunroof ,CD Stereo ,Automatic Climate Control ,Clean Carfax Report",https://bringatrailer.com/listing/2000-bmw-540i-64/
11/1/22,JEEP,CHEROKEE,2001,62764,39000,39k Miles,Sold,27527.0,1J4FF48S11L584604,"Chassis: 1J4FF48S11L584604 ,39k Miles ,4.0-Liter Inline-Six ,Four-Speed Automatic Transmission ,Dual-Range Transfer Case ,Metallic Orange Paint ,Patterned Gray Cloth Upholstery ,16"" Alloy Wheels ,Suspension Lift  ,Fog Lights ,Roof Crossbars ,Receiver Hitch ,Air Conditioning ,AM/FM/CD Cassette Stereo ,Clean Carfax Report",https://bringatrailer.com/listing/2001-jeep-cherokee-109/
11/1/22,BUICK,SPECIAL,1937,82076,51000,"51k Miles Shown, TMU ",Not Sold,13250.0,3156190,"Chassis: 3156190 ,51k Miles Shown, TMU  ,Replacement 248ci Straight-Eight  ,Three-Speed Manual Transmission  ,Black Paint  ,Tan Cloth Upholstery  ,Chrome Bumpers w/Overriders ,Dual Side-View Mirrors ,Driver-Side Spotlight ,Driving Lamps ,Turn Signals ,Clock  ,Heater ",https://bringatrailer.com/listing/1937-buick-series-40-2/
11/1/22,FORD,FALCON,1962,159324,99000,"99k Miles Shown, TMU",Sold,15250.0,2H26U171748,"Chassis: 2H26U171748 ,99k Miles Shown, TMU ,170ci Inline-Six ,Two-Speed Automatic Transmission ,Repaint in Blue ,Beige Upholstery ,Aftermarket Alloy Wheels ,Pioneer CD Stereo ,Roof Rack ,Tinted Windows",https://bringatrailer.com/listing/1961-ford-station-wagon-4/
11/1/22,GMC,PICKUP,1984,88513,55000,55k Miles Shown,Not Sold,11000.0,1GTDC14H7EJ524665,"Chassis: 1GTDC14H7EJ524665 ,55k Miles Shown ,5.0-Liter V8 ,Three-Speed Automatic Transmission ,Blue & Silver Paint ,Blue Upholstery ,15"" Rally Wheels ,Power Steering ,Power Brakes ,Auxiliary Fuel Tank ,Power Windows & Locks ,Pioneer Head Unit ,Air Conditioning ,Carfax Report",https://bringatrailer.com/listing/1984-gmc-c-1500-sierra-classic-11/
11/1/22,CADILLAC,ELDORADO,1968,14484,9000,"9k Miles Shown, TMU",Sold,7700.0,H8256564,"Chassis: H8256564 ,9k Miles Shown, TMU ,472ci V8 ,Three-Speed Automatic Transmission ,Silver Pine Green ,Dark Green Leather ,15"" Steel Wheels ,Black Vinyl Top ,Hide-Away Headlights ,Power-Adjustable Front Seats ,Automatic Climate Control ,Cadillac-Branded Floor Mats",https://bringatrailer.com/listing/1968-cadillac-eldorado-13/
11/1/22,TRIUMPH,SPITFIRE,1977,133575,83000,"83k Miles Shown, TMU",Sold,5700.0,MVIN382119IND,"Chassis: MVIN382119IND ,83k Miles Shown, TMU ,Replacement 1.5-Liter Inline-Four ,Four-Speed Manual Transmission ,Repainted in Red ,Beige Vinyl Upholstery ,Black Soft Top ,13"" Wheels ,KYB Shock Absorbers ,Twin SU Carburetors ,Electric Fuel Pump & Cooling Fan ,Headers & Pacesetter Monza Exhaust ,Electronic Ignition ,Hardtop w/Stand ,Spare Parts ,Manufacturer's Literature ,Refurbishment Photos",https://bringatrailer.com/listing/1976-triumph-spitfire-25/
11/1/22,ISUZU,ERA1990S,1993,58000,36039,58k Kilometers (~36k Miles) Shown,Not Sold,4300.0,J87RT2381P7520724,"Chassis: J87RT2381P7520724 ,58k Kilometers (~36k Miles) Shown ,1.8-Liter Inline-Four ,5-Speed Manual Transaxle ,Blue Paint ,Gray Patterned Cloth Upholstery ,15"" Alloy Wheels ,Lotus-Tuned Suspension ,Four-Wheel Disc Brakes ,Rear Hatch ,AM/FM Cassette Stereo ,Clean Carfax Report",https://bringatrailer.com/listing/1993-isuzu-sunfire/
11/1/22,MITSUBISHI,3000GT,1996,143231,89000,89k Miles Shown,Sold,17500.0,JA3AN74KXTY002546,"Chassis: JA3AN74KXTY002546 ,89k Miles Shown ,Twin-Turbocharged 3.0-Liter V6 ,6-Speed Manual Transaxle ,All-Wheel Drive ,Red Paint ,Black Leather Upholstery ,18"" Chrome-Finished Wheels ,Four-Wheel Steering ,Revised Turbochargers & Engine Tuning ,Aftermarket Intake, Exhaust, & Fuel Components ,Active Aerodynamic Bodywork ,Power-Operated Sunroof ,Cruise Control ,Eclipse Head Unit ,Manufacturer's Literature",https://bringatrailer.com/listing/1996-mitsubishi-3000gt-vr4-8/
11/1/22,PORSCHE,981 BOXSTER,2015,9656,6000,6k Miles,Sold,82500.0,WP0CB2A85FS140100,"Chassis: WP0CB2A85FS140100 ,6k Miles ,3.4-Liter Flat-Six ,Six-Speed Manual Transaxle ,Porsche Torque Vectoring ,Guards Red ,Black Leather & Alcantara ,Power-Operated Black Soft Top ,20"" Carrera S Wheels ,Sport Suspension ,Bi-Xenon Headlights w/ PDLS Plus ,Speed-Activated Rear Spoiler ,Convenience Package ,GTS Interior Package ,Sport Chrono Package ,PCM w/ Navigation ,Bose Sound System ,Carbon-Fiber Trim ,SportDesign Steering Wheel ,Window Sticker ,Clean Carfax Report",https://bringatrailer.com/listing/2015-porsche-boxster-gts-13/
11/1/22,HONDA,CIVIC,1995,96560,60000,60k Miles Shown,Sold,7877.0,JHMEH6163SS007616,"Chassis: JHMEH6163SS007616 ,60k Miles Shown ,1.6-Liter SOHC VTEC Inline-Four ,5-Speed Manual Transaxle ,Paradise Blue Green Pearl Paint ,Black Cloth Upholstery w/Blue Inserts ,14"" Alloy Wheels ,Removable Roof Panel ,Retractable Rear Window ,Cruise Control ,Factory Cassette Stereo ,Power Accessories ,Manufacturer's Literature ,Carfax Report",https://bringatrailer.com/listing/1995-honda-del-sol-19/
11/1/22,DATSUN,ROADSTER,1970,140012,87000,"87k Miles Shown, TMU",Sold,19500.0,SPL31128930,"Chassis: SPL31128930 ,87k Miles Shown, TMU ,Replacement 2.0-Liter Inline-Four ,5-Speed Manual Transmission  ,Repainted in Blue  ,Reupholstered Black Vinyl Bucket Seats  ,Replacement Black Canvas Soft Top  ,Hardtop  ,Tonneau Cover  ,Dual Carburetors  ,Libre-style 14"" Wheels ,Momo Steering Wheel ",https://bringatrailer.com/listing/1970-datsun-1600-roadster-25/
11/1/22,ASTON MARTIN,DB7,2002,82076,51000,51k Miles,Sold,30300.0,SCFAB22332K302635,"Chassis: SCFAB22332K302635 ,51k Miles ,5.9-Liter V12  ,Five-Speed Automatic Transmission ,Green Paint ,Beige & Green Leather Upholstery ,Staggered 18"" Alloy Wheels ,Bright Mesh Grilles ,Chrome Door Handles ,Air Conditioning  ,Power-Adjustable & Heated Front Seats ,Alpine Stereo w/Bluetooth ,Trunk-Mounted Umbrella",https://bringatrailer.com/listing/2002-aston-martin-db7-24/
11/1/22,CADILLAC,ALLANTÉ,1993,35405,22000,22k Miles,Sold,22000.0,1G6VS3394PU126735,"Chassis: 1G6VS3394PU126735 ,22k Miles ,4.6-Liter DOHC V8 ,Four-Speed Automatic Trasnmission ,Black Paint ,Natural Beige Leather Upholstery ,Black Soft Top  ,16"" Chrome-Finished Wheels ,Automatic Climate Control ,Driver Position Memory ,Cruise Control ,Power Windows & Locks ,Power-Adjustable Seats ,Symphony Sound CD/Cassette Stereo ,Clean Carfax Report ,Window Sticker",https://bringatrailer.com/listing/1993-cadillac-allante-69/
11/1/22,DELOREAN,DMC-12,1983,25749,16000,16k Miles Shown,Not Sold,29000.0,SCEDT26T3DD016798,"Chassis: SCEDT26T3DD016798 ,16k Miles Shown ,2.85-Liter PRV V6 ,Three-Speed Automatic Transaxle ,Stainless-Steel Bodywork ,Black Leather Upholstery ,14"" & 15"" Turbine Wheels ,Gullwing Doors ,Louvered Engine Cover ,AM/FM Cassette Stereo ,Accident-Free Carfax Report",https://bringatrailer.com/listing/1983-delorean-dmc-12-20/
11/1/22,PORSCHE,993 911,1997,43452,27000,27k Miles Shown,Sold,71700.0,WP0CA2998VS341410,"Chassis: WP0CA2998VS341410 ,27k Miles Shown ,3.6-Liter Flat-Six ,EVOMS Air-Intake System ,Six-Speed Manual Transaxle ,Limited-Slip Differential ,Black Paint ,Cashmere Beige Leather Upholstery ,Black Convertible Soft Top ,H&R Springs ,18"" Fuchs-Style Wheels ,Billy Boat Exhaust System ,Power-Adjustable Front Seats ,MOMO Steering Wheel & Pedal Covers ,Spare Wheels & Exhaust Components ,Porsche Certificate of Authenticity ,Clean Carfax Report",https://bringatrailer.com/listing/1997-porsche-911-carrera-cabriolet-72/
11/1/22,MERCEDES-BENZ,AMG,2004,80467,50000,50k Miles,Not Sold,27500.0,WDBSK74F14F064737,"Chassis: WDBSK74F14F064737 ,50k Miles ,Supercharged 5.4-Liter V8 ,Five-Speed Automatic Transmission ,Kleemann Limited-Slip Differential ,Brilliant Silver Metallic ,Red Leather Upholstery ,Replica Brabus Monoblock VI 19"" Wheels ,Power-Retractable Hardtop ,Kleemann Front & Rear Lower Valances ,Bi-Xenon Headlights ,Bose Sound System ,COMAND w/Navigation ,Heated & Ventilated Multi-Contour Seats ,Keyless Go ,Kleemann K1 & K2 Performance Packages ,Clean Carfax Report",https://bringatrailer.com/listing/2004-mercedes-benz-sl55-amg-71/
11/1/22,PORSCHE,911SC,1983,115872,72000,72k Miles Shown,Sold,49000.0,WP0EA0917DS171532,"Chassis: WP0EA0917DS171532 ,72k Miles Shown ,3.0-Liter Flat-Six ,5-Speed Manual Transaxle ,Guards Red Paint ,Black Leather Upholstery ,Black Convertible Top ,Dansk Exhaust Muffler ,16"" Fuchs-Style Wheels ,Air Conditioning ,Power Windows ,Kenwood CD Stereo ,Stock Exhaust & Stereo Included ,Manufacturer's Literature ,Window Sticker ,Clean Carfax Report",https://bringatrailer.com/listing/1983-porsche-911sc-cabriolet-56/
11/1/22,TOYOTA,LAND CRUISER FJ40,1979,114,71,"71 Miles Shown, TMU",Not Sold,34950.0,FJ40299169,"Chassis: FJ40299169 ,71 Miles Shown, TMU ,4.2-Liter Inline-Six ,Four-Speed Manual Transmission ,Dual-Range Transfer Case ,Yellow Paint ,Gray Upholstery ,White Roof ,Manually Locking Front Hubs ,16"" Wheels ,Front Disc Brakes ,Side Steps ,Rear Mounted Spare Tire ,Rear Inward-Facing Jump Seats ,Heater ,Kenwood CD Stereo",https://bringatrailer.com/listing/1979-toyota-land-cruiser-fj40-70/
11/1/22,BMW,E39 M5,2002,159324,99000,99k Miles,Sold,28654.0,WBSDE93422CF91578,"Chassis: WBSDE93422CF91578 ,99k Miles ,4.9-Liter V8 ,Six-Speed Manual Transmission  ,Limited-Slip Differential ,Carbon Black Metallic Paint ,Black Nappa Leather Upholstery ,18"" Style 65 Wheels ,Sunroof ,Xenon Headlights ,Fog Lights ,Dual-Zone Automatic Climate Control ,Heated & Power-Adjustable Front Seats ,Navigation ,Manufacturer's Literature",https://bringatrailer.com/listing/2002-bmw-m5-177/
11/1/22,DUCATI,ERA2000S,2006,25749,16000,16k Miles,Not Sold,17000.0,ZDM1WABP46B001866,"Chassis: ZDM1WABP46B001866 ,16k Miles ,992cc Desmodromic L-Twin ,Six-Speed Transmission ,Yellow Paint w/Black Accents ,Comfort Clip-On Handlebars ,Comfort Two-Tone Solo Seat ,Termignoni 2-Into-1 Exhaust System ,Öhlins Suspension ,Ducati 998R-Sourced Brembo Brakes ,Alpina Tubeless Wire-Spoke Wheels ,Wasp Power Up Kit ,Pitbull Front & Rear Stands ,Spare Ducati Bodywork Set ,Bike Cover ,Timing Belts Replaced in March 2022",https://bringatrailer.com/listing/2006-ducati-sport-classic-4/
11/1/22,FERRARI,458,2012,30577,19000,19k Miles,Not Sold,225000.0,ZFF68NHA9C0188343,"Chassis: ZFF68NHA9C0188343 ,19k Miles ,4.5-liter F136F V8 ,Seven-Speed Dual-Clutch Automatic ,Nero Paint ,Beige Tradizione Leather Upholstery ,20"" Forged Five-Spoke Alloy Wheels ,Power-Retractable Hardtop ,Xenon Headlights w/AFS ,Front-Axle Lift System ,Front & Rear Parking Sensors ,Backup Camera ,Daytona-Style Seats ,Carbon-Ceramic Brakes ,Automatic Climate Control ,Navigation ,CD Stereo w/JBL Speakers ,Spare Parts ,Clean Carfax Report",https://bringatrailer.com/listing/2012-ferrari-458-spider-6/
11/1/22,MERCEDES-BENZ,AMG GT,2018,358,223,223 Miles,Not Sold,164000.0,WDDYJ7KA6JA014792,"Chassis: WDDYJ7KA6JA014792 ,223 Miles ,Twin-Turbocharged 4.0-Liter V8 ,Seven-Speed Dual Clutch Transaxle ,Electronic Limited Slip Differential ,AMG Green Hell Magno ,Black Leather & Dinamica Upholstery ,Fixed Rear Wing & Rear Diffuser  ,Carbon Fiber Roof  ,19"" & 20"" Black-Finished AMG Forged Wheels ,Carbon Ceramic Brakes ,Exclusive Interior Package ,Burmester Sound System ,Adaptive Cruise Control  ,Clean Carfax Report",https://bringatrailer.com/listing/2018-mercedes-benz-amg-gtr-22/
11/1/22,PONTIAC,FIREBIRD,1967,154496,96000,96k Miles Shown,Sold,31250.0,223377U149314,"Chassis: 223377U149314 ,96k Miles Shown ,400ci V8 ,TH400 3-Speed Automatic Transmission  ,Yukon Positraction Differential ,Gold Paint ,Gold Vinyl Upholstery ,Power Steering ,Power Four-Wheel Disc Brakes ,16"" Trans Am-Style Wheels ,Holley Sniper EFI System ,Electronic Ignition ,Aluminum Radiator w/Electric Fan ,Flowmaster Dual Exhaust System ,Delco AM Radio ,PHS Documents ,Service Records ,Spare Parts",https://bringatrailer.com/listing/1967-pontiac-firebird-400-13/
11/1/22,AUDI,RS4,2007,180246,112000,112k Miles,Sold,25500.0,WUARU78E47N905071,"Chassis: WUARU78E47N905071 ,112k Miles ,4.2-Liter FSI V8 ,Six-Speed Manual Transaxle ,Quattro All-Wheel-Drive System ,Daytona Gray Pearl Effect Paint ,Black Nappa Leather Upholstery ,Premium Package ,19″ Split-Spoke Wheels ,Bilstein Coilover Suspension ,Heated & Powered Recaro Front Seats ,034Motorsport Rear Sway Bar ,Bluetooth-Capable CD Stereo ,Audi Navigation Plus ,Bose Sound System ,Heated Rear Seats ,Window Sticker ,Clean Carfax Report",https://bringatrailer.com/listing/2007-audi-rs4-148/
11/1/22,MG,MIDGET,1978,138403,86000,86k Miles Shown,Sold,10500.0,GAN6UJ210259G,"Chassis: GAN6UJ210259G ,86k Miles Shown ,1,493cc Inline-Four ,Four-Speed Manual Transmission ,Blue Paint ,Tan Vinyl Upholstery ,Black Soft Top ,Black Top Boot & Tonneau Cover ,13"" Rostyle Wheels ,Front Disc Brakes ,Luggage Rack ,Aftermarket AM/FM Cassette Stereo",https://bringatrailer.com/listing/1978-mg-midget-11/
11/1/22,CHEVROLET,CAMARO 6TH GENERATION 2016-,2018,7242,4500,"4,500 Miles",Sold,65656.0,1G1FJ1R69J0186491,"Chassis: 1G1FJ1R69J0186491 ,4,500 Miles ,Supercharged 6.2-Liter V8 ,Six-Speed Manual Transmission ,Summit White w/Carbon Fiber Accents ,Jet Black Leather and Alcantara ,19"" Forged Wheels ,Electronic Limited-Slip Differential ,Brembo Calipers ,Multimatic Spool-Valve Dampers ,Performance Data Recorder System ,Heated and Ventilated Recaro Front Seats ,Head-Up Display ,Bose Sound System ,Dual-Zone Automatic Climate Control ,Clean Carfax Report",https://bringatrailer.com/listing/2018-chevrolet-camaro-1le-3/
11/1/22,PORSCHE,996 TURBO,2003,72420,45000,45k Miles,Sold,62911.0,WP0AB299X3S686567,"Chassis: WP0AB299X3S686567 ,45k Miles ,Twin-Turbocharged 3.6L Flat-Six ,Six-Speed Manual Transaxle ,Guards Red Paint ,Natural Brown Leather Upholstery ,18"" Turbo Twist Hollow-Spoke Wheels ,Turbo Aerokit ,Xenon Headlights  ,Sunroof ,Automatic Climate Control ,Becker-Porsche CDR23 Stereo ,Bose Sound System ,Sport Seats ,Painted Cabin Trim",https://bringatrailer.com/listing/2003-porsche-911-turbo-145/
11/1/22,CADILLAC,ERA2000S,2002,156105,97000,97k Miles,Sold,21000.0,3GYEK63NX2G274969,"Chassis: 3GYEK63NX2G274969 ,97k Miles ,6.0-Liter Vortec V8 ,Four-Speed Automatic Transmission ,All-Wheel-Drive ,Two-Tone White & Beige Paint ,Beige Leather Upholstery ,Chrome 22"" Wheels ,Receiver Hitch ,Powered Glass Sunroof ,Power-Adjustable Heated Front Seats ,Dual-Zone Automatic Climate Control ,Bose Sound System ,Kenwood CD Stereo ,Tinted Windows ,Clean Carfax Report",https://bringatrailer.com/listing/2002-cadillac-escalade-5/
11/1/22,CHEVROLET,MONTE CARLO,1970,80467,50000,"50k Miles Shown, TMU",Sold,16500.0,138570F182279,"Chassis: 138570F182279 ,50k Miles Shown, TMU ,400ci V8 ,Three-Speed Automatic Transmission ,Green Mist Paint ,Green Vinyl Upholstery ,Green Vinyl Roof Cover ,15"" Rally-Style Wheels ,Front Disc Brakes ,Power Steering ,Accent Pinstriping ,Air Conditioning ,Woodgrain Interior Trim ,Vintage-Look Radio ,Owner's Manual ,Chassis Broadcast Sheet ,Manufacturer's Literature",https://bringatrailer.com/listing/1970-chevrolet-monte-carlo-18/
11/1/22,CHRYSLER,CROSSFIRE,2005,30577,19000,19k Miles,Sold,15250.0,1C3AN55L35X037150,"Chassis: 1C3AN55L35X037150 ,19k Miles ,3.2-Liter SOHC V6 ,Six-Speed Manual Transmission ,Black Paint ,Power-Operated Black Soft Top ,Black Cloth Upholstery ,18"" & 19"" Aluminum Wheels ,Four-Wheel Disc Brakes ,Active Rear Spoiler ,Dual-Zone Climate Control ,AM/FM/CD Stereo ,Clean Carfax Report",https://bringatrailer.com/listing/2005-chrysler-crossfire-85/
11/1/22,TRIUMPH,TR4,1965,117481,73000,"73k Miles Shown, TMU",Sold,30250.0,CT34361L,"Chassis: CT34361L ,73k Miles Shown, TMU ,Over-Bored 2,175cc Inline-Four ,Four-Speed Manual Transmission w/OD ,Old English White Paint ,Blue Leather Upholstery w/Cream Piping ,Blue Canvas Top ,15"" Knock-Off Alloy Wheels ,Lucas Fog Lights ,Talbot Side Mirrors ,Moto-Lita Steering Wheel ,Performance Camshaft ,Kirk Racing Header ,Jaeger Instrumentation",https://bringatrailer.com/listing/1964-triumph-tr4-22-2/
11/1/22,CHEVROLET,CORVETTE C2,1964,4828,3000,"3k Miles Shown, TMU",Sold,114000.0,40867S119759,"Chassis: 40867S119759 ,3k Miles Shown, TMU ,7.0-Liter LS7 V8 ,Six-Speed Manual Transmission ,9"" Limited-Slip Rear End ,Cool Gray Metallic Paint ,Black Soft Top ,Black Leather Upholstery ,SRIII Motorsports Tube Chassis ,Adjustable Coilovers ,Wilwood Four-Wheel Disc Brakes ,Power Steering ,Haltech Engine Management System ,Ceramic-Coated Exhaust Headers ,Vintage Air Air Conditioning ,Power Windows ,Classic Instruments Gauges",https://bringatrailer.com/listing/1964-chevrolet-corvette-105/
11/1/22,BUICK,RIVIERA,1964,3218,2000,"2k Miles Shown, TMU",Sold,25250.0,7K1117007,"Chassis: 7K1117007 ,2k Miles Shown, TMU ,425ci V8 ,Three-Speed Automatic Transmission ,Repaint in White ,Black Upholstery ,15"" Chrome Wheels ,Dual Carburetors ,2k Miles Shown, TMU ,Power Windows ,AM/FM Radio ,Recent Service Records",https://bringatrailer.com/listing/1964-buick-riviera-32/
11/1/22,AUDI,TT,2013,56326,35000,35k Miles,Sold,48250.0,TRUB3AFK7D1900592,"Chassis: TRUB3AFK7D1900592 ,35k Miles ,Turbocharged 2.5-Liter Inline-Five ,Six-Speed Manual Transaxle ,Quattro All-Wheel-Drive System ,Daytona Gray ,Black Silk Nappa Leather Upholstery ,CTS Turbo Air Intake System ,Pioneer Multimedia Stereo ,Adaptive Xenon Headlights ,TT RS Fixed Rear Wing ,Power-Adjustable and Heated Front Sport Seats ,Navigation ,Window Sticker ,Clean Carfax Report",https://bringatrailer.com/listing/2013-audi-tt-rs-25/
11/1/22,BMW,E28 M5,1988,262322,163000,163k Miles Shown,Sold,38500.0,WBSDC9308J2875141,"Chassis: WBSDC9308J2875141 ,163k Miles Shown ,3.5-Liter Inline-Six ,Five-Speed Manual Transmission ,Limited-Slip Differential ,Black Paint ,Black Leather & Vinyl Upholstery  ,16"" Basketweave Alloy Wheels ,Power-Operated Sunroof ,Heated & Power-Adjustable Front Seats ,Air Conditioning ,Cruise Control ,Power-Operated Windows ,Service Records ,Clean Carfax Report",https://bringatrailer.com/listing/1988-bmw-m5-106/
11/1/22,MAZDA,NB MX-5 MIATA,1999,107825,67000,"67k Miles Shown, TMU",Sold,9500.0,JM1NB3538X0122183,"Chassis: JM1NB3538X0122183 ,67k Miles Shown, TMU ,Turbocharged 1.8-Liter Inline-Four ,Five-Speed Manual Transmission ,Limited-Slip Differential ,White Paint ,Tan Convertible Soft Top ,Black Cloth Upholstery ,15"" Alloy Wheels ,Koni Dampers ,Wilwood Front Brake Kit ,Air Conditioning ,Cruise Control ,Hard Dog Roll Bar ,Clean Carfax Report",https://bringatrailer.com/listing/1999-mazda-mx-5-miata-144/
11/1/22,MOTO GUZZI,ERA1990S,1995,17702,11000,11k Miles Shown,Sold,6500.0,ZGUKEAKE6SM100119,"Chassis: ZGUKEAKE6SM100119 ,Cycle World Magazine Test Bike ,11k Miles Shown ,Air-Cooled 1,064cc Transverse V-Twin ,Five-Speed Transmission ,Shaft Drive ,Black Paint w/Red & Gold Graphics ,Dual 40mm Dell'Orto Carburetors ,Staintune Exhaust w/Carbon-Fiber Mufflers ,Split-Level Two-Up Seat ,Half Fairing ,Triple Brembo Brakes ,Marvic Magnesium Wheels ,Manufacturer's Literature ,Tool Kit",https://bringatrailer.com/listing/1995-moto-guzzi-1100-sport-2/
11/1/22,PONTIAC,FIREBIRD,1992,47000,29204,47k Kilometers (~29k Miles) Shown,Sold,12750.0,1G2FW238XNL207950,"Chassis: 1G2FW238XNL207950 ,47k Kilometers (~29k Miles) Shown ,5.7-Liter V8 ,Four-Speed Automatic Transmission ,White Paint ,Gray Cloth Upholstery ,GTA Package ,Gold-Finished 16"" Wheels ,WS6 Performance Suspension Package ,Pop-Up Headlights ,Rear Spoiler ,Air Conditioning ,Cruise Control ,Alpine CD Stereo ,Clean Carfax Report",https://bringatrailer.com/listing/1992-pontiac-trans-am-gta/
11/1/22,SUBARU,ERA2000S,2004,114263,71000,71k Miles,Sold,20000.0,JF1SG69624H744050,"Chassis: JF1SG69624H744050 ,71k Miles ,Turbocharged 2.5-Liter Flat-Four ,Four-Speed Automatic Transmission ,Cayenne Red Pearl Paint ,Black Leather Upholstery ,Gold 18"" BBS Wheels ,STI Genome Coilovers ,STI Turbocharger & Intercooler ,Invidia Exhaust System ,JDM-Style Body Kit  ,Glass Sunroof ,Heated Seats  ,Automatic Climate Control ,Pioneer Stereo ,Service Records ,Clean Carfax Report",https://bringatrailer.com/listing/2004-subaru-forester-xt-3/
11/1/22,HONDA,MOTORCYCLES,1977,,,,Sold,6500.0,XR751425694,"Chassis: XR751425694 ,TMU ,72cc Four-Stroke Single ,Four-Speed Transmission ,Red Paint ,Black Solo Seat ,Keihin Carburetor ,Upswept Exhaust System ,Cross-Braced Handlebar ,Front & Side Number Plates ,Kickstarter ,High-Mounted Fenders",https://bringatrailer.com/listing/1977-honda-xr75-10/
11/1/22,CHRYSLER,ERA1980S,1989,172199,107000,107k Miles Shown,Sold,6000.0,1C3XJ45A9KG204265,"Chassis: 1C3XJ45A9KG204265 ,107k Miles Shown ,Turbocharged 2.2-Liter Inline-Four ,Getrag Five-Speed Manual Transaxle ,Black & Dark Bronze Paint ,Brown Leather Upholstery ,Black Soft Top ,Retractable Headlight Covers ,Modified TEC S70 Turbocharger ,Ported Cylinder Head ,Turbos Unleashed ECU Tune ,Adjustable Koni Shocks ,Clean Carfax Report",https://bringatrailer.com/listing/1989-chrysler-le-baron-6/
11/1/22,ASTON MARTIN,V12 VANTAGE,2017,4828,3000,3k Miles,Sold,272500.0,SCFESBFR8HGS22842,"Chassis: SCFESBFR8HGS22842 ,3k Miles ,6.0-Liter V12 ,7-Speed Manual Transaxle ,Limited-Slip Differential ,Diavolo Red Paint ,Black Soft Top ,Sandstorm Leather Upholstery ,Staggered-Width 19"" Wheels ,Carbon-Ceramic Brakes w/Black Calipers ,Exterior Carbon Pack ,Parking Sensors ,AMi III Infotainment w/Bang & Olufsen Audio ,Battery Conditioner ,Car Cover ,Window Sticker ,Clean Carfax Report",https://bringatrailer.com/listing/2017-aston-martin-v12-vantage-s-8/
11/1/22,MAZDA,RX-7 FD,1993,59545,37000,"37k Miles Shown, TMU",Not Sold,53000.0,JM1FD331XP0206408,"Chassis: JM1FD331XP0206408 ,37k Miles Shown, TMU ,Replacement Twin-Turbo 1.3L Rotary ,Five-Speed Manual Transmission ,Limited-Slip Differential ,Black Paint ,Black Cloth Upholstery ,16"" Alloy Wheels ,Tein Flex Z Coilovers ,Drilled & Slotted Rotors ,Aftermarket Downpipe ,R1 Specific Front & Rear Spoilers ,Air Conditioning ,Alpine CD Stereo & Amplifiers ,JL Subwoofer ,Refurbishment Records ,Accident-Free Carfax Report",https://bringatrailer.com/listing/1993-mazda-rx-7-209/
11/1/22,BMW,F80 M3,2015,25749,16000,16k Miles,Sold,44250.0,WBS3C9C58FP806080,"Chassis: WBS3C9C58FP806080 ,16k Miles ,Twin-Turbocharged 3.0L Inline-Six ,Six-Speed Manual Transmission ,Limited-Slip Differential ,Silverstone Metallic Paint  ,Black Merino Leather Upholstery ,18"" Style 513M Alloy Wheels ,Adaptive M Suspension ,Carbon-Fiber Roof Panel ,Lighting Package ,Carbon-Fiber Interior Trim ,Heated & Power-Adjustable Front Seats ,Heated Rear Seats ,Dual-Zone Automatic Climate Control ,iDrive w/Navigation ,Window Sticker ,Clean Carfax Report",https://bringatrailer.com/listing/2015-bmw-m3-39/
11/1/22,PONTIAC,ERA1990S,1990,170590,106000,106k Miles Shown,Sold,3750.0,1G2NW14D9LC287109,"Chassis: 1G2NW14D9LC287109 ,106k Miles Shown ,2.3-Liter Inline-Four ,Three-Speed Automatic ,White Paint ,Gray Cloth Upholstery ,16"" Alloy Wheels ,Fog Lights ,Window Tint ,Air Conditioning ,Cruise Control ,Power Windows & Door Locks ,Delco Cassette Stereo ,Accident-Free Carfax Report",https://bringatrailer.com/listing/1990-pontiac-grand-am/
11/1/22,FORD,MUSTANG S197 2005-2014,2008,1202,747,747 Miles,Not Sold,39000.0,1ZVHT88S085176525,"Chassis: 1ZVHT88S085176525 ,747 Miles ,Supercharged 5.4-Liter V8 ,Six-Speed Manual Transmission ,Limited-Slip Differential ,Alloy Clearcoat Metallic Paint ,Black Leather Upholstery ,18"" Forged Alloy Wheels ,Brembo Front Disc Brakes ,HID Headlights ,Rear Decklid Spoiler ,Shaker 500 Audio System ,Air Conditioning ,Cruise Control ,Window Sticker ,Clean Carfax Report",https://bringatrailer.com/listing/2008-ford-mustang-shelby-gt500-coupe-5/
11/1/22,ERA1930S,PARTNERINDIANAPOLIS MOTOR SPEEDWAY MUSEUM,1939,,,,Sold,10250.0,375380,"Chassis: 375380 ,TMU ,Non-Running Project  ,100cc Air-Cooled Single  ,Three-Speed Transmission  ,Black Paint w/Chrome Accents  ,Brown Leather Saddle  ,Luggage Shelf ,Skirted Front Fender w/Peugeot Ornament ,Front & Rear Drum Brakes",https://bringatrailer.com/listing/1939-peugeot-type-53-ch/
11/1/22,BMW,2002,1976,43452,27000,"27k Miles Shown, TMU",Sold,36000.0,2740396,"Chassis: 2740396 ,27k Miles Shown, TMU ,3.2-Liter Inline-Six ,Five-Speed Manual Transmission ,Orange Paint ,Black Cloth Upholstery ,Limited-Slip Differential  ,15"" Alloy Wheels ,Hella Fog Lights ,Black Fender Flares ,Black Replacement Front Air Dam ,Aftermarket Front Sport Seats ,Momo Steering Wheel ,Rear Window Defogger ,Continental Head Unit w/Auxiliary & USB Inputs",https://bringatrailer.com/listing/1976-bmw-2002-181/
11/1/22,PANOZ,ESPERANTE,2002,45061,28000,28k Miles ,Sold,38250.0,1P9PB48362B213045,"Chassis: 1P9PB48362B213045 ,28k Miles  ,4.6-Liter DOHC Ford V8 ,Tremec 5-Speed Manual Transmission ,Limited-Slip Differential ,Black Paint  ,Black & Red Leather Upholstery  ,Black Soft Top ,Chrome-Finished 17"" XXR Wheels ,Aftermarket Stereo System ,Magnaflow Mufflers  ,Clean Carfax Report ",https://bringatrailer.com/listing/2002-panoz-esperante-12/
11/1/22,ALFA ROMEO,ERA1970S,1971,45000,27961,"45k Kilometers (~28k Miles) Shown, TMU",Sold,40000.0,AR992758,"Chassis: AR992758 ,45k Kilometers (~28k Miles) Shown, TMU ,1,600cc Inline-Four ,Four-Speed Manual Transaxle ,Repainted Blue and White ,Black Vinyl Upholstery w/White Piping ,White Steel Wheels ,Car Hauler Platform ,Vehicle Ramps ,Towing Mirrors ,Heater ,USD $4,000 Shipping Allowance",https://bringatrailer.com/listing/1970-alfa-romeo-a12-race-transporter/
11/1/22,PORSCHE,911 CARRERA 3.2,1986,94951,59000,59k Miles Shown,Not Sold,75911.0,WP0AB091XGS121787,"Chassis: WP0AB091XGS121787 ,59k Miles Shown ,3.2-Liter Flat-Six ,Five-Speed Manual Transaxle ,Prussian Blue Metallic Paint ,Cashmere Beige Leather Upholstery ,16"" Fuchs Alloy Wheels ,Front Strut Brace ,Sunroof ,Air Conditioning  ,Power-Adjustable Sport Seats ,Blaupunkt Monterey SQR 43 Stereo ,Uniden BearTracker Scanner ,Clean Carfax Report",https://bringatrailer.com/listing/1986-porsche-911-carrera-coupe-6/
11/1/22,DODGE,CORONET,1959,69201,43000,"43k Miles Shown, TMU",Sold,17013.0,ML38320708,"Chassis: ML38320708 ,43k Miles Shown, TMU ,383ci V8 ,Three-Speed Automatic Transmission ,Two-Tone Black & White Paint ,Black & White Upholstery ,14"" Steel Wheels w/Covers ,Swept-Wing Tail Fins ,Wrap-Around Windshield ,Push-Button AM Radio ,Spare Parts",https://bringatrailer.com/listing/1959-dodge-coronet-3/
11/1/22,DATSUN,240Z,1971,67592,42000,"42k Miles Shown, TMU",Sold,23500.0,HLS3013693,"Chassis: HLS3013693 ,42k Miles Shown, TMU ,2.4-Liter Inline-Six ,Four-Speed Manual Transmission ,Refinished in Blue ,Black Upholstery ,Aftermarket 14"" Wheels ,Chrome Bumpers w/Overriders ,Fog Lights ,Aftermarket Side Mirrors ,Wood-Rimmed Steering Wheel ,Pioneer AM/FM/Cassette Stereo",https://bringatrailer.com/listing/1971-datsun-240z-236/
11/1/22,BMW,E90/E92/E93 M3,2011,160934,100000,100k Miles Shown,Sold,35500.0,WBSKG9C50BE368290,"Chassis: WBSKG9C50BE368290 ,100k Miles Shown ,Replacement 4.0-Liter V8 ,Seven-Speed Dual-Clutch Transmission ,Alpine White Paint ,Black Upholstery ,18"" Apex Wheels ,Front Big Brake Kit ,Adjustable Coilovers ,Half Roll Cage ,OMP Bucket Seats ,Racing Harnesses ,Air Conditioning ,Cruise Control ,Power Windows ,Carbon-Fiber Exterior Trim ,Spare & Removed Parts",https://bringatrailer.com/listing/2011-bmw-m3-coupe-23/
11/1/22,FERRARI,308,1977,46670,29000,"29k Miles Shown, TMU",Sold,64000.0,22739,"Chassis: 22739 ,29k Miles Shown, TMU ,2.9-Liter V8 ,5-Speed Manual Transaxle ,Limited-Slip Differential ,Silver Paint ,Black Leather Upholstery  ,14"" Wheels ,Pop-Up Headlights ,Vented Decklid ,Quad Exhaust Outlets ,Gated Shifter ,Power Windows ,Alpine CD Stereo ,Air Conditioning  ,Tool Kit ,Manufacturer's Literature ,Service Records",https://bringatrailer.com/listing/1977-ferrari-308-gtb-26/
11/1/22,MERCEDES-BENZ,UNIMOG,1989,1,0,Chassis: 1FG99999XKM451561,Sold,26750.0,1FG99999XKM451561,"Chassis: 1FG99999XKM451561 ,4k Miles Shown, TMU ,5.7L Diesel Inline-Six ,Dual-Range 4-Speed Manual Gearbox ,Dual-Range Transfer Case ,Locking Differentials ,Portal Axles ,Drab Green Paintwork ,Black Vinyl Upholstery ,Front-End Loader ,Folding Backhoe ,Storage Lockers ,Hydraulic Tools",https://bringatrailer.com/listing/1989-freightliner-unimog-flu419-2/
11/1/22,NISSAN,300ZX,1991,164152,102000,102k Miles Shown,Sold,25500.0,JN1CZ24H5MX500640,"Chassis: JN1CZ24H5MX500640 ,102k Miles Shown ,Twin-Turbocharged 3.0-Liter V6 ,Five-Speed Manual Transmission ,Limited-Slip Differential ,Black Paint ,Black Leather Upholstery ,Removable T-Top Roof Panels ,Gold 18"" BBS LM Wheels ,Automatic Climate Control ,Cruise Control ,Alpine Navigation Head Unit ,JL Audio Speakers & Alpine Amp ,JDM Front Bumper & Taillights ,TwinZ Rear Bumper, Spoilers & Side Skirts ,Car Cover ,Service Records ,Clean Carfax Report",https://bringatrailer.com/listing/1991-nissan-300zx-twin-turbo-71/
11/1/22,ARIEL,ATOM,2006,24140,15000,15k Miles,Sold,46000.0,A2RTD2SSV6A000023,"Chassis: A2RTD2SSV6A000023 ,15k Miles ,Supercharged 2.0-Liter Ecotec Inline-Four ,Five-Speed Manual Transaxle  ,Limited-Slip Differential  ,Black Frame w/Black & Yellow Body Panels ,Black Leather Upholstery ,15"" & 17"" Team Dynamics Alloy Wheels ,Carbon-Fiber Front & Rear Wings ,Carbon-Fiber Mirror & Headlight Caps ,Methanol-Injection System  ,Koni/H&R Adjustable Suspension ,Alcon Brake Calipers ,Dual Bubble-Style Windscreens ,Steering Wheel-Mounted Shift Light ,Garmin GPS System ,Spare Components ",https://bringatrailer.com/listing/2006-ariel-atom-8-2/
11/1/22,ACURA,NSX NA1/NA2,1995,127137,79000,79k Miles,Sold,65500.0,JH4NA1281ST000553,"Chassis: JH4NA1281ST000553 ,79k Miles ,3.0-Liter V6 ,Four-Speed Automatic Transaxle ,Limited-Slip Differential ,Formula Red Paint ,Black Leather Upholstery ,16” & 17” Seven-Spoke Aluminum Wheels ,Body-Color Roof Panel ,Pop-Up Headlights ,Automatic Climate Control ,Cruise Control ,Bose Sound System ,Clean Carfax Report",https://bringatrailer.com/listing/1995-acura-nsx-t-7/
11/1/22,SAAB,9-3,2008,101388,63000,63k Miles,Sold,10750.0,YS3FH52R681137440,"Chassis: YS3FH52R681137440 ,63k Miles ,Turbocharged 2.8L V6 ,6-Speed Automatic Transaxle ,Nocturne Blue Metallic Paint ,Two-Tone Cream & Black Leather Upholstery ,17"" Alloy Wheels ,Fog Lights ,Power-Adjustable and Heated Front Seats ,Automatic Climate Control ,CD Changer ,Cruise Control ,Roof Rails Included ,Clean Carfax Report",https://bringatrailer.com/listing/2008-saab-9-3-aero-sportcombi-xwd/
11/1/22,VOLKSWAGEN,BEETLE,1968,88513,55000,55k Miles Shown,Sold,13750.0,118975361,"Chassis: 118975361 ,55k Miles Shown ,1.5-Liter Flat-Four ,3-Speed Semi-Automatic Transaxle ,Lotus White ,Textured Black Vinyl ,Chrome Bumpers ,Driver-Side Mirror ,Ski Mounting Brackets ,15"" Wheels ,Dual Exhaust Outlets ,Factory Radio ,First Owner's Log Book",https://bringatrailer.com/listing/1968-volkswagen-beetle-44/
11/1/22,ALFA ROMEO,105/115 SERIES SPIDER,1967,130356,81000,"81k Miles Shown, TMU",Sold,15250.0,AR665512,"Chassis: AR665512 ,81k Miles Shown, TMU ,1.6-Liter Inline-Four ,Five-Speed Manual Transmission ,Red Paint ,Black Upholstery ,Black Soft Top ,15"" Steel Wheels ,Dual Weber Carburetors ,Manufacturer's Literature ,Workshop Manual",https://bringatrailer.com/listing/1967-alfa-romeo-spider-duetto-48/
11/1/22,PORSCHE,997 911,2007,37014,23000,23k Miles,Sold,64000.0,WP0BB29997S755078,"Chassis: WP0BB29997S755078 ,23k Miles ,3.8-Liter Flat-Six ,Six-Speed Manual Transaxle ,All-Wheel-Drive System ,Guards Red Paint ,Black Leather Upholstery ,19” Turbo Wheels ,Sliding Glass Roof Panel ,Automatic Climate Control ,Heated Power-Adjustable Front Seats ,PCM w/ Navigation ,Bose Sound System ,Self-Dimming Mirrors ,Clean Carfax Report",https://bringatrailer.com/listing/2007-porsche-911-targa-4s-17/
11/1/22,MOSLER,ERA2000S,2009,1095,681,681 Miles Shown,Sold,294000.0,1M94136B98C682001,"Chassis: 1M94136B98C682001 ,681 Miles Shown ,Mid-Mounted 7.0-Liter Chevrolet LS7 V8 ,Twin Turbochargers w/ Carbon-Fiber Covers ,Porsche Six-Speed Manual Transaxle ,Carbon-Fiber Monocoque Tub ,Metallic Green Paint ,Tan Leather Upholstery ,Dymag Carbon-Fiber & Magnesium Wheels ,Disc Brakes w/ Adjustable Bias ,Wilwood Six-Piston Calipers ,Adjustable Coilovers & Anti-Roll Bars ,Air Conditioning ,Power Windows & Locks ,JVC Sound System w/ Navigation ,Manufacturer's Statement of Origin",https://bringatrailer.com/listing/2008-mosler-mt900s/
11/1/22,CADILLAC,ELDORADO,1954,122309,76000,"76k Miles Shown, TMU",Not Sold,58000.0,546227720,"Chassis: 546227720 ,76k Miles Shown, TMU ,331ci V8 ,2-Speed Automatic Transmission ,Black Paintwork ,White Soft Top ,Red & White Leather Upholstery ,Hidden AM/FM CD Stereo ,Polished Wire-Spoke Wheels",https://bringatrailer.com/listing/1954-cadillac-eldorado-3/
11/1/22,BSA,ERA1960S,1966,392,244,"244 Miles Shown, TMU",Sold,1700.0,D76974,"Chassis: D76974 ,244 Miles Shown, TMU ,172cc Two-Stroke Single ,Three-Speed Transmission ,Red Paint w/Chrome Accents ,18"" Chrome Steel Rims ,Front & Rear Lighting ,Smiths Speedometer ,Kickstarter ,Amal Carburetor ,Chrome Exhaust System ,Black Two-Up Bench Seat ,Center Stand",https://bringatrailer.com/listing/1966-bsa-bantam-175-deluxe/
11/1/22,MAZDA,NA MX-5 MIATA,1992,178636,111000,111k Miles Shown,Sold,16250.0,JM1NA3514N1316184,"Chassis: JM1NA3514N1316184 ,111k Miles Shown ,1.6-Liter Inline-Four ,Five-Speed Manual Transmission ,Limited-Slip Differential ,Sunburst Yellow Paint ,Black Cloth Upholstery ,Body-Color Removable Hardtop ,Black Convertible Soft Top ,14"" Daisy Alloy Wheels ,Pop-Up Headlights ,Air Conditioning ,AM/FM/Cassette Stereo ,Window Sticker & Accessories ,Clean Carfax Report",https://bringatrailer.com/listing/1992-mazda-mx-5-miata-86/
11/1/22,PLYMOUTH,ERA1930S,1936,20921,13000,"13k Mile Shown, TMU",Not Sold,19500.0,SD8868PL,"Chassis: SD8868PL ,13k Mile Shown, TMU ,Replacement 218ci Inline-Six ,Four-Speed Manual Transmission ,Repainted in Blue ,Replacement Brown Upholstery ,16"" Wheels w/Covers ,Dual Fender-Mounted Spares ,Cabin Heater ,Push-Button Start ,Banjo-Style Steering Wheel",https://bringatrailer.com/listing/1936-plymouth-p2-business-coupe-5/
11/1/22,ACURA,INTEGRA,1997,83685,52000,52k Miles Shown,Sold,26500.0,JH4DC23900VS002243,"Chassis: JH4DC23900VS002243 ,52k Miles Shown ,1.8-Liter Inline-Four ,5-Speed Manual Transaxle ,Cypress Green Pearl Paint ,Taupe Leather Upholstery  ,15"" Alloy Wheels ,Power Sunroof ,Rear Wing ,Air Conditioning ,Cruise Control ,Clean Carfax Report ",https://bringatrailer.com/listing/1997-acura-integra-27/
11/1/22,BENTLEY,CONTINENTAL GT,2012,35405,22000,22k Miles,Sold,65500.0,SCBFR7ZA2CC071971,"Chassis: SCBFR7ZA2CC071971 ,22k Miles ,Twin-Turbocharged 6.0-Liter W12 ,Six-Speed Automatic Transaxle ,Beluga Black Paint ,Newmarket Tan Leather Upholstery ,21"" Seven-Spoke Alloy Wheels ,Adustable Suspension ,Xenon Headlights ,Massaging Ventilated & Heated Front Seats ,Matrix-Style Lower Grille ,Burl Walnut Veneer Trim ,Infotainment System w/Navigation ,Window Sticker ,Clean Carfax Report",https://bringatrailer.com/listing/2012-bentley-continental-gt-15/
11/1/22,PORSCHE,987 CAYMAN,2012,14484,9000,9k Miles,Not Sold,60250.0,WP0AB2A84CS793343,"Chassis: WP0AB2A84CS793343 ,9k Miles ,3.4-Liter Flat-Six ,Seven-Speed PDK Transaxle ,Platinum Silver Metallic Paint ,Black Leather & Alcantara Upholstery ,19"" Black Lightweight Wheels ,Sport Chrono Package ,Fixed Rear Wing ,Bi-Xenon Headlights w/PDLS ,Schroth Racing Harnesses ,Roll Cage ,Carbon-Fiber Full Bucket Seats ,Automatic Climate Control ,Cruise Control ,PCM w/Navigation ,Manufacturer's Literature  ,Clean Carfax Report",https://bringatrailer.com/listing/2012-porsche-cayman-r-41/
11/1/22,CADILLAC,ELDORADO,1981,14484,9000,9k Miles,Sold,35000.0,1G6AL5793BE637938,"Chassis: 1G6AL5793BE637938 ,9k Miles ,6.0-Liter V8 ,Three-Speed Automatic Transmission ,Twilight Blue ,White Leather Upholstery ,Steel 15″ Wheels w/Wire Covers  ,Power-Operated White Soft Top ,Automatic Climate Control ,Power-Adjustable Front Seats ,Cruise Control ,AM/FM Cassette Stereo  ,Power Windows and Locks ,Eldorado Brochures ,Manufacturer's Literature ,Clean Carfax Report ",https://bringatrailer.com/listing/1981-cadillac-eldorado/
11/1/22,FORD,BRONCO 4TH-5TH GENERATIONS 1987-1996,1996,37014,23000,23k Miles,Not Sold,40000.0,1FMEU15H8TLA10806,"Chassis: 1FMEU15H8TLA10806 ,23k Miles ,5.8-Liter V8 ,Four-Speed Automatic Transmission ,Dual-Range Transfer Case ,3.55:1 Limited-Slip Rear Axle ,Oxford White Paint ,Medium Mocha Leather Upholstery ,Removable Light Saddle Hardtop ,Swing-Out Spare Tire Carrier ,Air Conditioning ,Cruise Control  ,Power Windows & Locks ,Deluxe Marti Report ,Window Sticker ,Clean Carfax Report",https://bringatrailer.com/listing/1996-ford-bronco-eddie-bauer-4x4/
11/1/22,FORD,GT 2ND GENERATION,2020,35,22,22 Miles,Sold,1331.0,2FAGP9EWXLH100155,"Chassis: 2FAGP9EWXLH100155 ,22 Miles ,Twin-Turbocharged 3.5-Liter V6 ,Seven-Speed Dual-Clutch Automatic Transaxle ,Heritage Blue Paint ,Competition Orange Stripes ,'69 Heritage Interior ,20″ Forged Alloy Wheels ,Titanium Lug Nuts ,Six-Point Harness Anchors ,Butterfly Doors ,Retractable Active Rear Wing ,Sparco Seats ,Touchscreen Infotainment System ,Window Sticker ,Clean Carfax Report",https://bringatrailer.com/listing/2020-ford-gt-6/
11/1/22,PORSCHE,996 911,2000,59545,37000,37k Miles Shown,Sold,37500.0,WP0AA2992YS620475,"Chassis: WP0AA2992YS620475 ,One of 911 Examples Produced ,37k Miles Shown ,3.4-Liter M96 Flat-Six ,IMS Bearing Replaced in 2019 ,Six-Speed Manual Transaxle ,Violet Chromaflair Paint ,Natural Brown Leather Upholstery ,18"" Parallel-Spoke Alloy Wheels ,Sunroof ,Speed-Activated Rear Spoiler ,Heated Power-Adjustable Front Seats ,PCM w/ Navigation ,Cassette-Tape Player & Hi-Fi Audio System ,Rear Window Wiper ,Automatic Climate Control ,Damage-Free Carfax Report",https://bringatrailer.com/listing/2000-porsche-911-carrera-4-millennium-11/
11/1/22,PORSCHE,911 SPEEDSTER,1989,12874,8000,8k Miles Shown,Sold,291100.0,WP0EB0916KS173492,"Chassis: WP0EB0916KS173492 ,8k Miles Shown ,3.2-Liter Flat-Six ,Five-Speed Manual Transaxle ,Black Paint ,Cashmere Beige Leather Upholstery ,16"" Fuchs Alloy Wheels ,Black Convertible Soft Top ,Air Conditioning ,Blaupunkt Reno SQR 46 Stereo ,Front Sport Seats ,Cruise Control ,Headlamp Washers ,Window Sticker & Maintenance Log ,Porsche Certificate of Authenticity ,Awards from Car Shows ,Clean Carfax Report",https://bringatrailer.com/listing/1989-porsche-911-speedster-44/
10/31/22,FERRARI,TESTAROSSA,1988,62764,39000,39k Miles Shown,Not Sold,69500.0,ZFFSG17A3J0076758,"Chassis: ZFFSG17A3J0076758 ,39k Miles Shown ,4.9-Liter Flat-12 ,Five-Speed Manual Transaxle ,Limited-Slip Differential ,Red Paint ,Beige Connolly Leather Upholstery ,16"" Five-Spoke Alloy Wheels ,Gated Shifter ,Air Conditioning ,Blaupunkt Cassette Stereo ,Fitted Luggage ,Tool Kit ,Factory Literature ,Clean Carfax Report",https://bringatrailer.com/listing/1988-ferrari-testarossa-38/
10/31/22,JEEP,GRAND WAGONEER,1989,175418,109000,109k Miles Shown,Sold,29500.0,1J4GS5878KP110984,"Chassis: 1J4GS5878KP110984 ,109k Miles Shown ,Replacement 360ci V8 ,Howell Fuel Injection ,3-Speed Automatic Transmission ,Dual-Range Transfer Case ,Dover Gray Metallic Paint ,Burgundy Vinyl & Cloth Upholstery ,15"" Alloy Wheels ,Roof Rack ,Power-Adjustable Front Seats ,Air Conditioning ,JVC Stereo ,Service Records ,Clean Carfax Report",https://bringatrailer.com/listing/1989-jeep-grand-wagoneer-90/
10/31/22,TOYOTA,LAND CRUISER 70-SERIES,1989,227000,141051,"227k Kilometers (~141k Miles) Shown, TMU",Sold,26000.0,IDCO002967ZZ,"Chassis: IDCO002967ZZ ,227k Kilometers (~141k Miles) Shown, TMU ,3.4-Liter Turbodiesel Inline-Four ,Four-Speed Automatic Transmission ,Dual-Range Transfer Case ,Gray Paint ,Gray Cloth Upholstery ,16"" Alloy Wheels ,Manually Locking Hubs ,Fox 2.0 Series Shocks ,4x4 Labs Front Bumper w/Sherpa Winch ,Hella Fog Lights ,4x4 Labs Rear Bumper ,Fabricated Rock Sliders & Roll Cage ,Bundutec Bundutop Roof Top Tent ,Bundutec Bunduawn Awning ,Air Conditioning ,Spectre Off-Road Seat Covers ,Kenwood Touchscreen Head Unit ,Infinity Audio Components",https://bringatrailer.com/listing/1989-toyota-land-cruiser-bj70-9/
10/31/22,ASTON MARTIN,DB9,2005,24140,15000,15k Miles,Sold,45507.0,SCFAD01A25GA01170,"Chassis: SCFAD01A25GA01170 ,15k Miles ,5.9-Liter V12 ,Six-Speed Automatic Transaxle ,Titanium Silver Metallic Paint ,Black Leather Upholstery ,19"" Ten-Spoke Alloy Wheels ,Xenon Headlights ,Rear Parking Sensors ,Power-Adjustable Front Seats ,Navigation ,Cruise Control ,Automatic Climate Control ,Owner's Manual ,Clean Carfax Report",https://bringatrailer.com/listing/2005-aston-martin-db9-34/
10/31/22,NISSAN,300ZX,1992,143231,89000,89k Miles Shown,Sold,18250.0,JN1CZ24H3NX520449,"Chassis: JN1CZ24H3NX520449 ,89k Miles Shown ,Twin-Turbocharged 3.0L V6 ,Five-Speed Manual Transmission ,Limited-Slip Differential ,Red Paint ,Black Leather Upholstery ,Aftermarket Rear Bumper ,Removable Glass T-Top Panels ,Chrome 18"" BBS-Style Wheels ,Super HICAS Four-Wheel Steering ,Automatic Climate Control ,Cruise Control ,Bose Sound System ,Cassette Stereo w/Six-Disc CD Changer ,Spare Parts ,Clean Carfax Report",https://bringatrailer.com/listing/1992-nissan-300zx-twin-turbo-28/
10/31/22,MERCEDES-BENZ,E55 & E63 AMG WAGON,2014,101388,63000,63k Miles,Sold,57000.0,WDDHH7GB9EB024794,"Chassis: WDDHH7GB9EB024794 ,63k Miles ,Twin-Turbocharged 5.5L V8 ,7-Speed MCT Automatic Transmission ,4MATIC All-Wheel Drive ,Iridium Silver Paint ,Black Nappa Leather Upholstery ,19"" AMG Double-Spoke Alloy Wheels ,Panoramic Sunroof ,Mercedes-Benz Roof Rack ,AMG Parking Assist Package ,Distronic Plus Adaptive Cruise Control ,Dual-Zone Climate Control ,Heated & Ventilated Front Seats ,COMAND w/Navigation ,Harman Kardon Sound System ,Additional 19"" AMG Wheels w/ Winter Tires ,Manufacturer's Literature ,Window Sticker ,Clean Carfax Report",https://bringatrailer.com/listing/2014-mercedes-benz-e63-s-amg-wagon-3/
10/31/22,TRIUMPH,TR3,1958,48280,30000,"30k Miles Shown, TMU",Sold,28500.0,TS29454L,"Chassis: TS29454L ,30k Miles Shown, TMU ,2.0-Liter Inline-Four ,Toyota 5-Speed Manual Transmission ,White Paint ,Black Vinyl Upholstery ,15"" Knock-Off Wire Wheels ,Front Disc Brakes ,Dual SU Carburetors ,Rack-and-Pinion Steering Conversion ,Removable White Soft Top & Side Curtains ,Split Tonneau Cover ,Wood-Trimmed Steering Wheel & Shift Knob ,Service Manual",https://bringatrailer.com/listing/1958-triumph-tr3a-19/
10/31/22,BMW,MOTORCYCLES,1968,45061,28000,28k Miles Shown,Sold,24750.0,662310,"Chassis: 662310 ,28k Miles Shown ,594cc Opposed Twin ,Four-Speed Transmission ,Black Paint w/White Pinstripes ,Shaft Drive ,18″ Wire-Spoke Wheels ,Denfeld Solo Seat ,Dual Bing Carburetors ,Earles Fork ,Polished Dual Exhaust ,Bar-End Mirrors ,Tool Roll & Tire Pump ,Spare Accessories",https://bringatrailer.com/listing/1968-bmw-r69s-3/
10/31/22,CHEVROLET,CORVETTE C5,2000,37014,23000,23k Miles,Not Sold,17250.0,1G1YY22G9Y5105998,"Chassis: 1G1YY22G9Y5105998 ,23k Miles ,5.7-Liter LS1 V8 ,Four-Speed Automatic Transaxle ,Limited-Slip Differential ,Millenium Yellow Paint ,Light Oak Leather Upholstery ,Dual Removable Roof Panels ,17"" & 18"" Polished Wheels ,Bose Sound System ,Pop-Up Headlights ,Head-Up Display ,Traction Control ,Cruise Control ,Manufacturer's Literature ,Clean Carfax Report",https://bringatrailer.com/listing/2000-chevrolet-corvette-coupe-13/
10/31/22,BMW,E30 3-SERIES,1990,239791,149000,149k Miles Shown,Not Sold,14050.0,WBAAA1319LEC65938,"Chassis: WBAAA1319LEC65938 ,149k Miles Shown ,2.5-Liter Inline-Six ,Five-Speed Manual Transmission ,Calypso Red Metallic Paint ,Natur Leatherette Upholstery ,14"" Bottle Cap Alloy Wheels ,AM/FM Cassette Stereo ,Air Conditioning ,Cruise Control ,Fog Lights ,Sunroof ,Accident-Free Carfax Report",https://bringatrailer.com/listing/1990-bmw-325i-154/
10/31/22,FERRARI,F355,1996,54717,34000,34k Miles Shown,Sold,85000.0,ZFFXR48A7T0105407,"Chassis: ZFFXR48A7T0105407 ,34k Miles Shown ,3.5-Liter V8 ,Six-Speed Manual Transaxle ,Limited-Slip Differential ,Rosso Barchetta Paint  ,Crema Leather Upholstery  ,18"" Five-Spoke Wheels ,Pop-Up Headlights ,MOMO Steering Wheel  ,Alpine Head Unit  ,Rockford Fosgate Speakers  ,Factory Literature, Car Cover, & Seat Covers ,Tonneau Cover & Bag ,Removed Parts ,Service Records ,Accident-Free Carfax Report",https://bringatrailer.com/listing/1996-ferrari-f355-spider-12/
10/31/22,TOYOTA,LAND CRUISER 60-SERIES,1989,413600,257000,"257k Miles Shown,TMU",Not Sold,82500.0,JT3FJ62G0K1113663,"Chassis: JT3FJ62G0K1113663 ,257k Miles Shown,TMU ,5.3-Liter Vortec V8 ,4L65E Three-Speed Automatic Transmission ,Dual-Range Transfer Case ,Repainted White ,Chilewich Black Vinyl Upholstery ,17"" Wheels ,Front & Rear ARB Air Lockers ,ARB Front Bumper ,Kaymar Rear Bumper ,Roof Rack ,Rear-Mounted Jerry Can & Spare Tire ,Long-Range Fuel Tank ,Slee Offroad Sliders ,Front Disc Brakes ,Manually Locking Front Hubs ,Air Conditioning",https://bringatrailer.com/listing/1989-toyota-land-cruiser-fj62-157/
10/31/22,BUICK,GRAND NATIONAL,1987,19312,12000,12k Miles Shown,Sold,55000.0,1G4GJ1170HP438383,"Chassis: 1G4GJ1170HP438383 ,12k Miles Shown ,Turbocharged 3.8-Liter V6 ,Four-Speed Automatic Transmission ,Black Paint ,Black & Sand Gray Cloth Upholstery ,15″ Wheels ,Rear Spoiler ,Air Conditioning ,Cruise Control ,Delco AM/FM Cassette Stereo ,Manufacturer's Literature",https://bringatrailer.com/listing/1987-buick-grand-national-86/
10/31/22,LAND ROVER,DISCOVERY,1997,292899,182000,182k Miles Shown,Sold,8400.0,SALJY1243VA553058,"Chassis: SALJY1243VA553058 ,182k Miles Shown ,4.0-Liter V8 ,Four-Speed Automatic Transmission ,Dual-Range Transfer Case ,Locking Center Differential ,White Paint ,Brown Leather Upholstery ,16"" Steel Wheels ,2.5"" Old Man Emu Lift Kit ,Custom Bumpers ,KC Auxiliary Lights ,Baja Roof Rack ,Southdown Snorkel ,Power-Adjustable Front Seats ,Cassette Stereo ,Partial Service Records",https://bringatrailer.com/listing/1997-land-rover-discovery-20/
10/31/22,PORSCHE,986 BOXSTER,2000,43452,27000,27k Miles,Not Sold,15250.0,WP0CA2982YU620786,"Chassis: WP0CA2982YU620786 ,27k Miles ,2.7-Liter Flat-Six ,Five-Speed Manual Transaxle ,Black Paint ,Black Leather Upholstery ,Black Soft Top ,Hi-Fi Sound System ,18"" Twist-Style Wheels ,Deployable Rear Spoiler ,Slotted & Cross-Drilled Rotors ,Aftermarket Touchscreen Stereo ,CircuitWerks Exhaust System ,996-Style Front Bumper ,H&R Springs ,Spare Parts ,Clean Carfax Report",https://bringatrailer.com/listing/2000-porsche-boxster-90/
10/31/22,MERCEDES-BENZ,R129 SL,2002,65982,41000,41k Miles,Not Sold,20150.0,WDBFA68F82F201422,"Chassis: WDBFA68F82F201422 ,41k Miles ,5.0-Liter M113 V8 ,Five-Speed Automatic Transmission ,Brilliant Silver Metallic Paint ,Black Nappa Leather Upholstery ,Chrome-Finished 18"" AMG Wheels ,AMG Styling Package ,Black Convertible Top ,Xenon Headlights ,Fog Lights ,Heated & Power-Adjustable Seats ,Automatic Climate Control ,AM/FM/CD Stereo ,Manufacturer's Literature ,Service Records ,Body-Color Removable Hardtop ,Clean Carfax Report",https://bringatrailer.com/listing/2002-mercedes-benz-r129-sl/
10/31/22,MINI,MODERN,2009,54717,34000,34k Miles,Not Sold,13250.0,WMWMF73529TT94920,"Chassis: WMWMF73529TT94920 ,34k Miles ,Turbocharged 1.6-Liter Inline-Four ,6-Speed Manual Transaxle ,Laser Blue Metallic Paint ,Carbon Black Leather Upholstery ,16"" Minilite-Style Wheels ,Sport Suspension ,Convenience Package ,Automatic Climate Control ,CD Stereo w/Bluetooth ,Window Sticker ,Clean Carfax Report",https://bringatrailer.com/listing/2009-mini-cooper-s-john-cooper-works/
10/31/22,GMC,PICKUP,2000,69201,43000,43k Miles Shown,Sold,19000.0,1GTGK24R0YR113645,"Chassis: 1GTGK24R0YR113645 ,43k Miles Shown ,5.7-Liter Vortec V8 ,Four-Speed Automatic Transmission ,Dual-Range Transfer Case ,Locking Rear Differential  ,White Paint ,Blue Cloth & Vinyl Upholstery ,16"" Steel Wheels ,Snug Top Bed Cap ,Receiver Hitch ,Air Conditioning ,Cruise Control ,Delco Cassette Stereo ,Clean Carfax Report",https://bringatrailer.com/listing/2000-gmc-sierra-9/
10/31/22,LAND ROVER,RANGE ROVER L322,2007,72420,45000,45k Miles,Sold,29500.0,SALMF13467A245564,"Chassis: SALMF13467A245564 ,45k Miles ,Supercharged 4.2-Liter AJ-V8 ,Six-Speed ZF Automatic Transmission ,Dual-Range Transfer Case ,Rear & Center Locking Differentials ,Chawton White Paint ,Ivory Windsor Leather ,20"" Style 6 Alloy Wheels ,Coil-Spring Suspension ,Sunroof ,Heated Front & Rear Seats ,Backup Camera ,Navigation ,Harman Kardon Sound System ,Rear-Area Entertainment System ,Clean Carfax Report",https://bringatrailer.com/listing/2007-land-rover-range-rover-21/
10/31/22,CHEVROLET,CORVETTE C1,1962,,,,Sold,6000.0,Finned,"1962 Rochester Fuel Injection System  Finned       ,Part #7017360 ,Aluminum Plenum ,Aluminum Intake Manifold ,Air Meter ,Delco-Remy Distributor Part #1110990 ,Tachometer Drive Cable",https://bringatrailer.com/listing/fuel-injection-unit/
10/31/22,CHEVROLET,C/K (1973-1991),1987,119091,74000,"74k Miles Shown, TMU",Sold,18000.0,1GCDR14K8HF353684,"Chassis: 1GCDR14K8HF353684 ,74k Miles Shown, TMU ,5.7-Liter V8 ,Four-Speed Automatic Transmission ,Two-Tone Blue Paint ,Blue Cloth Upholstery ,Lowered Suspension ,air conditioning ,Cruise Control ,20"" Aftermarket Wheels ,Chrome Bumpers ,Bed Rails ,AM/FM Cassette Stereo ,Power Windows & Locks ,Dual Fuel Tanks ,Clean Carfax Report",https://bringatrailer.com/listing/1987-chevrolet-r10-20/
10/31/22,MERCEDES-BENZ,W126 S-CLASS,1991,35405,22000,22k Miles Shown,Not Sold,33500.0,WDBCA39E2MA556450,"Chassis: WDBCA39E2MA556450 ,22k Miles Shown ,5.6-Liter V8 ,Four-Speed Automatic Transmission ,Limited-Slip Differential ,Black Paint ,Black Leather Upholstery ,15"" Gullideckel Alloy Wheels ,Fog Lights ,Power-Operated Sunroof ,Aftermarket Stereo ,Blaupunkt CD Changer ,Automatic Climate Control ,Cruise Control ,Heated Power-Adjustable Front Seats w/Position Memory Settings ,Heated Rear Seats ,Recent Service Records ,Clean Carfax Report",https://bringatrailer.com/listing/1991-mercedes-benz-560sel-39/
10/31/22,PORSCHE,911 GT3,2016,14484,9000,9k Miles,Sold,185000.0,WP0AF2A97GS192379,"Chassis: WP0AF2A97GS192379 ,9k Miles ,4.0-Liter Flat-Six ,Seven-Speed Dual-Clutch Transaxle ,Porsche Torque Vectoring Plus ,Lava Orange Paint ,Black Leather & Alcantara Upholstery ,20"" & 21"" Center-Lock Alloy Wheels ,Sport Chrono Package ,Front-Axle Lift System ,Porsche Ceramic Composite Brakes ,BBi Roll Cage ,Carbon-Fiber Full Bucket Seats ,PCM w/Navigation ,Porsche Certificate of Authenticity ,Copy of Window Sticker ,Service Records ,Accident-Free Carfax Report",https://bringatrailer.com/listing/2016-porsche-911-gt3-rs-18/
10/31/22,CHEVROLET,CAMARO 2ND GENERATION 1970-1981,1981,117481,73000,73k Miles Shown,Sold,17750.0,1G1AP87H7BL141233,"Chassis: 1G1AP87H7BL141233 ,73k Miles Shown ,305ci V8 ,Four-Speed Manual Transmission ,Blue Paint ,Black Vinyl Upholstery ,Cowl-Induction Hood ,Body-Colored N90-Style Alloy Wheels ,Rear Spoiler ,Power Steering ,Delco AM/FM Stereo ,Clean Carfax Report",https://bringatrailer.com/listing/1981-chevrolet-camaro-39/
10/31/22,VOLKSWAGEN,KARMANN GHIA,1969,131965,82000,"82k Miles Shown, TMU",Not Sold,16750.0,1491047401,"Chassis: 1491047401 ,82k Miles Shown, TMU ,1.2-Liter Flat-Four ,Manual Four-Speed Transaxle ,Red Paint ,Black Cloth Upholstery ,Black Soft Top ,15"" Steel Wheels w/Polished Caps ,Four-Wheel Disc Brakes ,Push-Button Radio ,Manufacturer's Literature ",https://bringatrailer.com/listing/1969-volkswagen-karmann-ghia-convertible-15/
10/31/22,CHEVROLET,IMPALA,1996,127137,79000,79k Miles,Sold,20000.0,1G1BL52P9TR161124,"Chassis: 1G1BL52P9TR161124 ,79k Miles ,5.7-Liter LT1 V8 ,Four-Speed Automatic Transmission ,Limited-Slip Differential ,Black Paint ,Gray Leather Upholstery ,17"" Five-Spoke Alloy Wheels ,Power-Adjustable Front Seats ,Air Conditioning ,Cruise Control ,Receiver Hitch ,Power Windows, Locks, & Mirrors ,Clean Carfax Report",https://bringatrailer.com/listing/1996-chevrolet-impala-ss-21/
10/31/22,PORSCHE,CAYENNE,2013,27358,17000,17K Miles,Sold,55000.0,WP1AD2A2XDLA79717,"Chassis: WP1AD2A2XDLA79717 ,17K Miles ,4.8-Liter V8 ,8-Speed Tiptronic S Transmission ,All-Wheel Drive ,Classic Silver Metallic Paint ,Black Leather & Alcantara Upholstery ,GTS Interior Package in Peridot ,Porsche Torque Vectoring Plus ,21"" 911 Turbo II Wheels ,Panoramic Sunroof ,Bi-Xenon Headlights w/ PDLS  ,Front & Rear ParkAssist ,Porsche Entry & Drive ,Lane Change Assist ,Heated Front Seats ,Dual-Zone Automatic Climate Control ,PCM w/ Navigation ,Satellite Radio ,Bose Sound System ,Accident-Free Carfax Report",https://bringatrailer.com/listing/2013-porsche-cayenne-gts-24/
10/31/22,CHEVROLET,IMPALA,1965,128747,80000,"80k Miles Shown, TMU",Not Sold,29000.0,166375A112908,"Chassis: 166375A112908 ,80k Miles Shown, TMU ,Replacement 383ci V8 ,Two-Speed Automatic Transmission ,Repainted Red ,White Vinyl Upholstery ,15"" Steel Wheels ,Front Disc Brakes ,Power Steering ,Air Conditioning ,MSD Electronic Ignition System ,Twin Edelbrock Carburetors ,Four-Into-One Headers",https://bringatrailer.com/listing/1965-chevrolet-impala-ss-22/
10/31/22,TOYOTA,LAND CRUISER 60-SERIES,1988,267150,166000,166k Miles,Sold,34500.0,JT3FJ62G9J0088721,"Chassis: JT3FJ62G9J0088721 ,166k Miles ,4.0-Liter 3F-E Inline-Six ,Four-Speed Automatic Transmission ,Two-Speed Transfer Case ,Metallic Gray Paint ,Patterned Gray Cloth Upholstery ,15"" Polished Alloy Wheels ,Locking Front Hubs ,Front Disc Brakes ,Cassette Stereo ,Air Conditioning ,Service Records ,Clean Carfax Report",https://bringatrailer.com/listing/1988-toyota-land-cruiser-fj62-120/
10/31/22,FORD,BRONCO U13/U14/U15 1966-1977,1972,45061,28000,"28k Miles Shown, TMU",Not Sold,47777.0,U14GLN69020,"Chassis: U14GLN69020 ,28k Miles Shown, TMU ,302ci V8 ,Three-Speed Manual Transmission ,Dual-Range Transfer Case ,Red Paint ,White Hardtop ,White Vinyl Upholstery ,AM Stereo ,16"" Polished Alloy Wheels ,Manually Locking Front Hubs ,Edelbrock Intake Manifold ,Holley Carburetor ,Heater ,Partial Service Records",https://bringatrailer.com/listing/1972-ford-bronco-98/
10/31/22,FORD,MUSTANG S197 2005-2014,2013,2896,1800,"1,800 Miles",Sold,56000.0,1ZVBP8CU1D5235420,"Chassis: 1ZVBP8CU1D5235420 ,1,800 Miles ,5.0-Liter Road Runner V8 ,Six-Speed Manual Transmission ,Torsen Limited-Slip Differential ,School Bus Yellow Paint ,Charcoal Black Cloth Upholstery ,Sterling Gray 19"" Alloy Wheels ,TracKey ,Adjustable Shocks ,Brembo Front Brake Calipers ,Recaro Seats ,Rear Chassis X-Brace ,Factory Literature ,Service Records ,Accessories ,Clean Carfax Report",https://bringatrailer.com/listing/2013-ford-mustang-boss-302-laguna-seca-44/
10/31/22,INTERNATIONAL HARVESTER,SCOUT,1971,120700,75000,"75k Miles Shown, TMU",Sold,42500.0,183880G447475,"Chassis: 183880G447475 ,75k Miles Shown, TMU ,345ci V8  ,Three-Speed Automatic Transmission  ,Dual-Range Transfer Case ,Orange Paint ,White Upholstery  ,Removable White Hardtop ,White-Finished Steel Wheels ,Manually-Locking Front Hubs ,Power-Assisted Brakes & Steering ,Holley Sniper Fuel Injection  ,Dual Exhaust System  ,Chrome Roof Rack ,Air Conditioning  ,Retro-Style Head Unit",https://bringatrailer.com/listing/1971-international-harvester-scout-ii-3/
10/31/22,PORSCHE,964 911,1990,197948,123000,123k Miles Shown,Sold,94500.0,WP0AB2963LS450543,"Chassis: WP0AB2963LS450543 ,123k Miles Shown ,Replacement 3.6-Liter M64 Flat-Six ,Five-Speed Manual Transaxle ,Limited-Slip Differential ,Silver Metallic Paint ,Black Leather Upholstery ,Sunroof ,SWChips ECU Chip ,Bilstein & H&R Suspension ,993 Brakes ,Front Shock Tower Brace ,RS-Style Door Panels ,Power-Adjustable Front Seats ,Alpine CD Stereo ,Clean Carfax Report",https://bringatrailer.com/listing/1990-porsche-911-carrera-2-coupe-18/
10/31/22,MERCEDES-BENZ,R107 SL,1988,41842,26000,26k Miles Shown,Not Sold,20000.0,WDBBA48D8JA075320,"Chassis: WDBBA48D8JA075320 ,26k Miles Shown ,5.5-Liter V8 ,Four-Speed Automatic Transmission ,Limited-Slip Differential ,Signal Red Paint ,Palomino Leather Upholstery ,Painted 15"" Gullideckel Alloy Wheels ,Removable Hard Top ,Automatic Climate Control ,Sony Stereo ,Alarm System ,Clean Carfax Report",https://bringatrailer.com/listing/1988-mercedes-benz-560sl-306/
10/31/22,PORSCHE,930 TURBO,1986,74029,46000,46k Miles Shown,Not Sold,96500.0,WP0JB0935GS050161,"Chassis: WP0JB0935GS050161 ,46k Miles Shown ,Turbocharged 3.3-Liter Flat-Six ,Four-Speed Manual Transaxle ,Limited-Slip Differential ,Black Paint ,Tan Leather Upholstery ,18"" Speedline-Style Wheels ,Aftermarket Steering Wheel ,Cross-Drilled Disc Brakes ,Air Conditioning ,Kenwood Stereo ,Porsche Product Specifications Sheet",https://bringatrailer.com/listing/1986-porsche-911-turbo-coupe-11/
10/31/22,JAGUAR,XK120,1953,16093,10000,"10k Miles Shown, TMU",Not Sold,52000.0,680217,"Chassis: 680217 ,10k Miles Shown, TMU ,3.4-Liter Inline-Six ,Four-Speed Manual Transmission ,Repainted Burgundy & Black  ,Black Leather Upholstery ,Chrome Bumpers ,Fender-Mounted Side Mirrors ,Rear Wheel Spats ,Lavender-Tinted Sunvisors ,Sony Head Unit ,Manufacturer's Literature ,Service Records ,Refurbishment Photos ,Spare Parts",https://bringatrailer.com/listing/1953-jaguar-xk120-fixed-head-coupe-14/
10/31/22,HONDA,S2000,2000,40233,25000,25k Miles,Sold,51000.0,JHMAP1141YT004347,"Chassis: JHMAP1141YT004347 ,25k Miles ,2.0-Liter VTEC Inline-Four ,Six-Speed Manual Transmission ,Limited-Slip Differential ,New Formula Red Paint ,Black Leather Upholstery ,Black Convertible Soft Top ,16"" Five-Spoke Alloy Wheels ,Xenon Headlights ,Front and Rear Spoilers ,Side Strakes ,Air Conditioning ,Cruise Control ,Window Sticker and Original Purchase Documents ,Clean Carfax Report",https://bringatrailer.com/listing/2000-honda-s2000-156/
10/31/22,PORSCHE,356,1965,12874,8000,"8k Miles Shown, TMU",Not Sold,75000.0,222246,"Chassis: 222246 ,8k Miles Shown, TMU ,1.6-Liter Flat-Four ,Four-Speed Manual Transaxle ,Red Paint ,Black Leather Upholstery ,Chrome 15"" Wheels ,Bosch Fog Lights ,Sony AM/FM/Cassette Radio ,Aftermarket Auxiliary Gauges ,Copy of Kardex Report  ,Partial Service Records ",https://bringatrailer.com/listing/1965-porsche-356c-20/
10/31/22,MERCEDES-BENZ,GELANDEWAGEN,2016,74029,46000,46k Miles,Not Sold,80500.0,WDCYC7DFXGX253369,"Chassis: WDCYC7DFXGX253369 ,46k Miles ,Twin-Turbocharged 5.5-Liter V8 ,Aftermarket Engine Management Tune ,Seven-Speed Automatic Transmission ,Dual-Range Transfer Case ,Three Locking Differentials ,Polar White Paint ,Designo Classic Red & Black Leather ,Designo Exclusive Leather Package ,24"" AG Luxury Wheels w/33"" Tires ,Heated & Ventilated Front Seats ,Aftermarket Exhaust System ,Heated Rear Seats ,Parktronic ,Harman Kardon Sound System ,COMAND Infotainment w/Navigation ,Service & Modification Records ,Clean Carfax Report",https://bringatrailer.com/listing/2016-mercedes-amg-g63/
10/31/22,FORD,MUSTANG 1967-1968,1968,67592,42000,"42k Miles Shown, TMU",Sold,21500.0,8R01C167436,"Chassis: 8R01C167436 ,42k Miles Shown, TMU ,289ci V8 ,Three-Speed Automatic Transmission ,Lime Gold Paint ,Green Vinyl Upholstery ,15"" Chrome Wheels w/Hubcaps ,Chrome Bumpers ,Bucket Front Seats ,Flip-Out Vent Windows ,Remote-Control Driver Side Mirror ,Original Purchase Paperwork ,Manufacturer's Literature",https://bringatrailer.com/listing/1968-ford-mustang-145/
10/31/22,VOLVO,P1800/1800,1969,152887,95000,"95k Miles Shown, TMU",Sold,9500.0,18345129847,"Chassis: 18345129847 ,95k Miles Shown, TMU ,2.0L B20B Inline-Four ,Four-Speed Manual Transmission w/Overdrive ,California White ,Red Vinyl Upholstery ,15"" Steel Wheels ,Chrome Bumpers & Trim ,Textured Aluminum Dash Trim ,Sanyo Cassette Radio ,Spare Parts",https://bringatrailer.com/listing/1969-volvo-1800s-4/
10/31/22,MERCEDES-BENZ,W221 S-CLASS,2011,59545,37000,37k Miles,Sold,49000.0,WDDNG7KB6BA399461,"Chassis: WDDNG7KB6BA399461 ,37k Miles ,Twin-Turbocharged 6.0L M275 V12 ,Five-Speed Automatic Transmission ,Limited-Slip Differential ,Black Paint ,Black Leather Upholstery ,20"" Double Five-Spoke AMG Wheels ,Xenon Headlights ,Panorama Sunroof ,Parktronic ,Soft-Close Doors ,Keyless-Go ,Heated & Ventilated Multicontour Front Seats w/Massaging Elements ,Rear Entertainment Screens ,Dstronic Plus Adaptive Cruise Control ,Four-Zone Automatic Climate Control ,COMAND Infotainment w/Navigation ,Bang & Olufsen Sound System ,Window Sticker ,Carfax Report",https://bringatrailer.com/listing/2011-mercedes-benz-s65-amg-15/
10/31/22,MINI,MODERN,2005,53108,33000,33k Miles ,Sold,11250.0,WMWRH33475TF81650,"Chassis: WMWRH33475TF81650 ,33k Miles  ,Supercharged 1.6L Inline-Four ,6-Speed Manual Transaxle ,Chili Red Paint ,Black Soft Top ,Gray & Black Upholstery ,Aero Kit ,Xenon Headlights ,16"" Wheels ,Park Distance Control ,Dynamic Stability Control ,Heated Front Seats ,Automatic Climate Control ,AM/FM/CD Stereo ,Harman Kardon Sound System ,Clean Carfax Report",https://bringatrailer.com/listing/2005-mini-cooper-s-convertible-7/
10/31/22,FORD,MUSTANG S550,2017,6920,4300,"4,300 Miles",Sold,66500.0,1FATP8JZ1H5521348,"Chassis: 1FATP8JZ1H5521348 ,4,300 Miles ,5.2-Liter Voodoo V8 ,Six-Speed Manual Transmission ,Torsen Limited-Slip Differential ,Shadow Black Paint w/White Stripes ,Ebony Cloth & Miko Suede Upholstery ,19"" Carbon-Fiber Wheels ,HID Projector Headlights ,Brembo Brake Calipers ,MagneRide Damping System ,Carbon-Fiber Wing ,R Electronics Package ,Bolstered Recaro Sport Seats ,Voice-Activated Touchscreen w/Navigation ,Window Sticker ,Accident-Free Carfax Report",https://bringatrailer.com/listing/2017-ford-mustang-shelby-gt350r-16/
10/31/22,FORD,MUSTANG 1969-1973,1970,80467,50000,50k Miles Shown,Sold,87000.0,0T05M133473,"Chassis: 0T05M133473 ,50k Miles Shown ,351ci Cleveland V8 ,Three-Speed Automatic Transmission ,Traction-Lok Differential ,Grabber Green Paint ,White Vinyl Upholstery ,14"" Steel Wheels ,Power Front Disc Brakes ,Power Steering ,Black Hood Stripe ,Shaker Hood Scoop ,Decklid Spoiler ,Rim-Blow Steering Wheel ,Push-Button AM Radio ,Rear Speaker ,Spare Set of Wheels ,Build Sheets ,Original Sales Documents ,Ford Warranty Card ,Service Records ,Manufacturer's Literature ,Ownership History Documents ,Deluxe Marti Report",https://bringatrailer.com/listing/1970-ford-mustang-mach-1-35/
10/31/22,FORD,F-150 LIGHTNING ELECTRIC,2022,162,101,101 Miles,Not Sold,89000.0,1FT6W1EV1NWG04003,"Chassis: 1FT6W1EV1NWG04003 ,101 Miles ,131-kWh Extended-Range Battery Pack ,Dual Permanent-Magnet Electric Motors ,Single-Speed Transmission ,All-Wheel Drive ,Agate Black Paint ,Black & Gray Leather Upholstery ,Dark Gray 20"" Wheels ,Max Trailer Tow Package ,Smart Hitch w/On-board Scale ,ProPower OnBoard ,Twin-Panel Sunroof ,Adaptive Cruise Control ,SYNC 4 Infotainment w/15.5"" Touchscreen ,Heated & Ventliated Front Seats ,Window Sticker ,Clean Carfax Report",https://bringatrailer.com/listing/2022-ford-f-150-lightning-12/
10/31/22,BMW,E63/E64 6-SERIES,2009,20921,13000,13k Miles,Not Sold,24750.0,WBAEB53519CX64081,"Chassis: WBAEB53519CX64081 ,13k Miles ,4.8-Liter V8 ,6-Speed Automatic Transmission ,Imola Red Paint ,Cream Beige Dakota Leather Upholstery ,Black Soft Top ,Sport Package ,Dynamic Driving Control ,Adaptive Xenon Headlights w/Washers ,Dual-Zone Automatic Climate Control ,Power-Adjustable & Heated Front Seats ,iDrive w/Navigation ,AM/FM/CD Stereo ,Park Distance Control ,Clean Carfax Report",https://bringatrailer.com/listing/2009-bmw-650-11/
10/31/22,FORD,U725 BRONCO,2022,1239,770,770 Miles,Sold,80000.0,1FMEE5DP0NLB34536,"Chassis: 1FMEE5DP0NLB34536 ,770 Miles ,Twin-Turbocharged 2.7L EcoBoost V6 ,Ten-Speed Automatic Transmission ,Dual-Range Transfer Case ,Locking Front & Rear Differentials ,G.O.A.T. Terrain Management System ,Carbonized Gray Metallic Paint ,Black & Sandstone Leather/Vinyl Upholstery ,17"" Beadlock-Capable Wheels ,Sasquatch, High, & Lux Packages ,Heated Front Seats ,Heated Steering Wheel ,SYNC4 Infotainment W/ 12"" Touchscreen ,Ten-Speaker Bang & Olufsen Sound System ,Ford Co-Pilot360 ,Window Sticker ,Clean Carfax Report",https://bringatrailer.com/listing/2022-ford-bronco-4-door-131/
10/31/22,FIAT,124 SPIDER,1981,93341,58000,58k Miles Shown,Not Sold,10500.0,ZFAAS00B6B8187207,"Chassis: ZFAAS00B6B8187207 ,58k Miles Shown ,Turbocharged 2.0-Liter Inline-Four  ,5-Speed Manual Transmission  ,Red Paint ,Black Soft Top ,Tan Vinyl Upholstery ,14"" Cromodora Wheels ,Four-Wheel Disc Brakes ,Woodgrain Interior Trim ,AM/FM Cassette Stereo ,Cabin Heater ,Manufacturer's Literature ,Carfax Report",https://bringatrailer.com/listing/1981-fiat-spider-2000-32/
10/31/22,JAGUAR,MKII,1960,8046,5000,"5k Miles Shown, TMU",Sold,12800.0,P211296BW,"Chassis: P211296BW ,5k Miles Shown, TMU ,3.8-Liter Inline-Six  ,Three-Speed Automatic Transmission ,Silver Paint ,Red Leather Upholstery ,Dual SU Carburetors ,Chrome 15” Wire-Spoke Wheels ,Four Wheel Disc Brakes ,Rear Picnic Tables ,Cassette Radio",https://bringatrailer.com/listing/1960-jaguar-mk-ii-11/
10/31/22,HONDA,MOTORCYCLES,1981,2172,1350,"1,350 Miles Shown",Sold,4200.0,JH2JD0101BS102140,"Chassis: JH2JD0101BS102140 ,1,350 Miles Shown ,105cc Four-Stroke SOHC Single ,Automatic Clutch ,Dual-Range Four-Speed Transmission ,Tahitian Red w/Black, Red & White Graphics ,Chrome 17"" Rims ,Quick-Release Handlebar Clamp ,Auxiliary Fuel Tank ,Street Lighting  ,Black Vinyl Solo Seat ,High-Mount Exhaust w/Heat Shields ,Passenger Pillion Pad ,Front & Rear Luggage Racks ,Dual Mirrors ,Center & Side Stands ,Tool Kit",https://bringatrailer.com/listing/1981-honda-1981-honda-trail-ct110/
10/31/22,JEEP,CJ-7,1979,128747,80000,"80k Miles Shown, TMU ",Sold,25333.0,J9A93EH819929,"Chassis: J9A93EH819929 ,80k Miles Shown, TMU  ,Replacement 360ci V8 ,Three-Speed Automatic Transmission ,Dual-Range Transfer Case ,Blue Paint ,Denim Upholstery ,15"" Cragar Steel Wheels ,Removable Full-Frame Doors ,Power Steering & Brakes ,AM/FM Stereo ,Bikini Top & White Hardtop",https://bringatrailer.com/listing/1979-jeep-cj-7-6/
10/31/22,DATSUN,PICKUP,1977,8046,5000,"5k Miles Shown, TMU",Sold,4800.0,HL620238560,"Chassis: HL620238560 ,5k Miles Shown, TMU ,2.0-Liter L20B Inline-Four ,Five-Speed Manual Transmission ,White Paint ,Black Upholstery ,Dual SU Carburetors ,14"" Powder-Coated Steel Wheels ,Cargo Tie-Downs ,Rear Mud Flaps ,Owner's Manual",https://bringatrailer.com/listing/1977-datsun-620-pickup-7/
10/31/22,FERRARI,488,2018,16093,10000,10k Miles,Not Sold,270000.0,ZFF80AMA3J0236544,"Chassis: ZFF80AMA3J0236544 ,10k Miles ,Twin-Turbocharged 3.9-Liter DOHC V8  ,Seven-Speed F1 Automatic Transaxle ,Rosso Corsa Paint ,Beige Tradizione Leather Upholstery ,20"" Alloy Wheels ,Carbon-Ceramic Brakes w/Yellow Calipers ,Scuderia Fender Shields ,KW Springs ,Automatic Climate Control ,Navigation ,Accident-Free Carfax Report",https://bringatrailer.com/listing/2018-ferrari-488-spider-10/
10/31/22,MERCEDES-BENZ,CL-CLASS,2012,77248,48000,48k Miles ,Sold,38500.0,WDDEJ7EB6CA029187,"Chassis: WDDEJ7EB6CA029187 ,48k Miles  ,Twin-Turbocharged 5.5-Liter V8 ,7-Speed Automatic Transmission ,Metallic Black Paint  ,Black Nappa Leather Upholstery ,20"" Forged AMG Wheels  ,Bi-Xenon Headlights w/Curve Illumination ,Distronic Plus Cruise Control ,Night View Assist ,Dynamic & Climatized Front Seats ,COMAND w/Navigation ,Harman Kardon Audio ,Manufacturer's Literature ,Reproduction Window Sticker",https://bringatrailer.com/listing/2012-mercedes-benz-cl-13/
10/31/22,FERRARI,328,1987,33796,21000,21k Miles Shown,Not Sold,95000.0,ZFFXA20A5H0071899,"Chassis: ZFFXA20A5H0071899 ,21k Miles Shown ,3.2-Liter V8 ,Five-Speed Manual Transaxle ,Limited-Slip Differential ,Rosso Corsa Paint ,Beige Leather Upholstery ,16"" Speedline Alloy Wheels ,Four-Wheel Ventilated Disc Brakes ,Integrated Fog Lights ,Pop-Up Headlights ,Air Conditioning ,Gated Shifter ,Power Windows ,Nakamichi Stereo ,Clean Carfax Report",https://bringatrailer.com/listing/1987-ferrari-328-gts-42/
10/31/22,FORD,F-SERIES 1992-1997,1996,133575,83000,83k Miles,Sold,25500.0,1FTEF14H1TNA15270,"Chassis: 1FTEF14H1TNA15270 ,83k Miles ,5.8-Liter V8 ,4-Speed Automatic Transmission ,Dual-Range Transfer Case ,Limited-Slip Rear Differential ,Manually Locking Front Hubs ,Dark Toreador Red Paint ,Opal Grey Cloth Upholstery ,Air Conditioning  ,Cruise Control ,AM/FM Cassette Stereo ,Electric Windows, Locks, & Mirrors ,Deluxe Marti Report ,Window Sticker ,Manufacturer's Literature ,Clean Carfax Report",https://bringatrailer.com/listing/1996-ford-f-150-18/
10/31/22,PORSCHE,997 911,2006,59545,37000,37k Miles,Sold,44000.0,WP0AA29966S715747,"Chassis: WP0AA29966S715747 ,37k Miles ,3.6-Liter Flat-Six ,Six-Speed Manual Transaxle ,Black Paint ,Sand Beige Leather Upholstery ,18"" Five-Spoke Wheels ,Sunroof ,Bi-Xenon Headlights ,Aluminum Pedal Covers ,Automatic Climate Control ,Alpine Touchscreen Infotainment w/Navigation ,Deployable Rear Spoiler ,Factory Literature ,Partial Service Records ,Clean Carfax",https://bringatrailer.com/listing/2006-porsche-911-carrera-coupe-7/
10/31/22,MERCEDES-BENZ,R230 SL,2003,46670,29000,29k Miles,Not Sold,20750.0,WDBSK75FX3F016828,"Chassis: WDBSK75FX3F016828 ,29k Miles ,5.0-Liter V8 ,Brabus Exhaust System ,Five-Speed Automatic Transmission ,Black Paint ,Beige Leather Upholstery   ,Power-Folding Hardtop  ,20"" Brabus Alloy Wheels ,Brabus Bodywork & Badging ,Xenon Headlights ,Brabus Body Kit ,Heated Power-Adjustable Seats ,Cruise Control ,Bose Audio System ,COMAND w/Navigation ,Keyless Go ,Clean Carfax Report",https://bringatrailer.com/listing/2003-mercedes-benz-sl500-198/
10/31/22,VOLVO,ERA2000S,2006,35405,22000,22k Miles,Sold,17000.0,YV1MC68296J004692,"Chassis: YV1MC68296J004692 ,22k Miles ,Turbocharged 2.5-Liter Inline-Five ,Five-Speed Automatic Transaxle ,Celestial Blue Metallic Paint ,Calcite Cream Leather Upholstery ,17"" Alloy Wheels ,Premium Package ,Climate Package ,Wind Deflector ,Heated & Power-Adjustable Front Seats ,Cruise Control ,Premium Six-Disc CD Stereo ,Manufacturer's Literature  ,Window Sticker ,Clean Carfax Report",https://bringatrailer.com/listing/2006-volvo-c70-4/
10/31/22,PORSCHE,991 TURBO,2014,40233,25000,25k Miles,Sold,124500.0,WP0AD2A96ES166486,"Chassis: WP0AD2A96ES166486 ,25k Miles ,Twin-Turbocharged 3.8L Flat-Six ,Seven-Speed Dual-Clutch Transaxle ,Limited-Slip Differential ,Black Paint ,Black Leather Upholstery ,20"" Turbo S Center-Lock Wheels ,Porsche Ceramic Composite Brakes ,Sport Chrono Package ,H&R Springs ,LED Headlights w/PDLS+  ,ParkAssist w/Backup Camera ,Automatic Climate Control ,Tubi-Style Exhaust ,Heated & Ventilated Front Seats ,Burmester Sound System ,Window Sticker ,Manufacturer's Literature  ,Service Records ,Clean Carfax Report",https://bringatrailer.com/listing/2014-porsche-911-turbo-s-coupe-13/
10/31/22,MERCEDES-BENZ,SLS AMG,2011,5632,3500,"3,500 Miles",Sold,236000.0,WDDRJ7HA0BA005048,"Chassis: WDDRJ7HA0BA005048 ,3,500 Miles ,6.2-Liter V8 ,Seven-Speed Dual-Clutch Automatic Transaxle ,Limited-Slip Differential ,Alubeam Silver Paint ,Classic Red designo Leather Upholstery ,Gullwing Doors ,Speed-Activated Rear Spoiler ,19' & 20"" AMG Wheels ,Bi-Xenon Headlights ,COMAND Infotainment w/Navigation ,Bang & Olufsen Sound System ,Dual-Zone Automatic Climate Control ,Window Sticker ,Clean Carfax Report",https://bringatrailer.com/listing/2011-mercedes-benz-sls-amg-27/
10/31/22,PORSCHE,LONGHOOD 911,1970,136793,85000,"85k Miles Shown, TMU",Sold,97000.0,9110121800,"Chassis: 9110121800 ,85k Miles Shown, TMU ,Replacement 2.2L Flat-Six ,Dual Zenith Carburetors ,Five-Speed Manual Transaxle ,Repainted Burgundy ,Black Vinyl Upholstery ,Fuchs-Style 15"" Alloy Wheels ,Four-Wheel Disc Brakes ,Heater ,Becker Europa Radio ,Partial Service Records",https://bringatrailer.com/listing/1970-porsche-911t-45/
10/31/22,BMW,E63/E64 M6,2009,38624,24000,24k Miles,Sold,63500.0,WBSEK93549CY80197,"Chassis: WBSEK93549CY80197 ,24k Miles ,5.0-Liter V10 ,Six-Speed Manual Transmission ,Variable M Differential Lock ,Black Sapphire Metallic Paint ,Indianapolis Red Merino Leather Upholstery ,19"" Style 167M Wheels ,Black Soft Top ,Dynamic Stability Control ,Park Distance Control ,iDrive w/Navigation ,Comfort Access ,Heated Front Seats ,Head-Up Display ,Clean Carfax Report",https://bringatrailer.com/listing/2009-bmw-m6-convertible-4/
10/31/22,PORSCHE,911 CARRERA 3.2,1985,106216,66000,66k Miles Shown,Sold,55000.0,WP0EB0914FS170967,"Chassis: WP0EB0914FS170967 ,66k Miles Shown ,3.2-Liter Flat-Six ,915 Five-Speed Manual Transaxle ,Prussian Blue Metallic Paint ,Blue Leather Upholstery ,Blue Soft Top ,15″ Fuchs Alloy Wheels ,Rear Spoiler ,Power-Adjustable Front Seats ,Short-Throw Shifter ,Power Windows ,Aftermarket Stereo & Speakers ,Air Conditioning",https://bringatrailer.com/listing/1985-porsche-911-carrera-cabriolet-10/
10/31/22,TOYOTA,LAND CRUISER FJ40,1994,79000,49088,"79k Kilometers (~48k Miles) Shown, TMU ",Not Sold,35555.0,9BRBJ0030R1001242,"Chassis: 9BRBJ0030R1001242 ,79k Kilometers (~48k Miles) Shown, TMU  ,3.7-Liter Diesel Inline-Four ,H55f 5-Speed Manual Transmission  ,Dual-Range Transfer Case  ,Repainted in Black  ,Brown Vinyl Upholstery  ,17"" Steel Wheels  ,Roof Rack & Front Brush Guard  ,Auxiliary Lighting  ,Seven Passenger Seating  ,Vintage Air System  ,Front Disc Brakes  ,Import Documents",https://bringatrailer.com/listing/1994-toyota-bandeirante-3/
10/31/22,FORD,THUNDERBIRD,1965,64373,40000,"40k Miles Shown, TMU",Sold,11750.0,5Y87Z159272,"Chassis: 5Y87Z159272 ,40k Miles Shown, TMU ,390ci V8 ,Three-Speed Automatic Transmission ,Emberglo Metallic ,Parchment Vinyl Upholstery   ,Beige Landau Top ,15"" Steel Wheel w/Covers ,Power-Assisted Steering & Brakes ,Fender Skirts ,Push-Button Radio ,Power Windows & Door Locks",https://bringatrailer.com/listing/1965-ford-thunderbird-37/
10/31/22,HONDA,MOTORCYCLES,1976,40233,25000,25k Miles Shown,Sold,4900.0,GL12008163,"Chassis: GL12008163 ,25k Miles Shown ,Liquid-Cooled 999cc Flat-Four ,Five-Speed Transmission ,Enclosed Driveshaft ,Yellow Paint ,Black Two-Up Seat ,Triple Disc Brakes ,Four-Into-Two Exhaust System ,Electric Starter ,Removable Kickstarter ,Passenger Grab Handle ,Center & Side Stands ,Tool Kit",https://bringatrailer.com/listing/1975-honda-gl1000/
10/31/22,FORD,ERA1980S,1983,24140,15000,15k Miles Shown,Sold,16000.0,1FDYD80U9DVA40557,"Chassis: 1FDYD80U9DVA40557 ,15k Miles Shown ,10.4-Liter Turbodiesel V8 ,Five-Speed Automatic Transmission ,Red Paint ,Black Vinyl Upholstery ,20″ Alloy Wheels ,Emergency Lights & Sirens ,Public Address System ,Darley Water Pump ,Rockwood Foam Proportioning System ,Hurst Jaws of Life Rescue System ,Water Hoses ,Ladders ,Clean Carfax Report",https://bringatrailer.com/listing/1983-ford-c8000-cab-over-fire-truck/
10/31/22,BMW,I8,2015,127137,79000,79k Miles ,Not Sold,45500.0,WBY2Z2C56FV391621,"Chassis: WBY2Z2C56FV391621 ,79k Miles  ,Turbocharged 1.5-Liter Inline-Three ,Six-Speed Automatic Transaxle ,Electric Motor w/2-Speed Automatic Transmission ,7.1-kWh Lithium-Ion Battery ,Protonic Blue Paint/Frozen Gray ,Carum Spice Gray Leather Upholstery ,Pure Impulse World Package ,20"" Alloy Wheels ,Butterfly Doors ,Park Distance Control ,LED Lighting w/Cornering ,Heated & Power-Adjustable Front Seats ,iDrive Infotainment w/Navigation ,Harman Kardon Professional Audio ,Manufacturer's Literature ,Reproduction Window Sticker ,Carfax Report",https://bringatrailer.com/listing/2015-bmw-i8-23/
10/31/22,BMW,E9 COUPE,1973,46000,28583,"46k Kilometers (~29k Miles) Shown, TMU",Sold,78500.0,2263900,"Chassis: 2263900 ,46k Kilometers (~29k Miles) Shown, TMU ,Fuel-Injected 3.0L Inline-Six  ,Five-Speed Manual Transmission ,Fjord Blue Paint ,White Leather Upholstery  ,14"" Wheels ,Power Windows  ,Air Conditioning ,Wood Trim ,Clarion AM/FM Stereo",https://bringatrailer.com/listing/1973-bmw-3-0csi-29/
10/31/22,MG,ERA1930S,1937,1,1,"1 Mile Shown, TMU",Sold,8888.0,TA2105,"Chassis: TA2105 ,1 Mile Shown, TMU ,1,292cc MPJG Inline-Four ,Four-Speed Manual Transmission ,Black Paint ,Red Upholstery ,19"" Wire-Spoke Knock-Off Wheels ,A-Pillar Spotlight ,Rear-Mounted Spare Wheel ,Banjo-Style Steering Wheel ,Wooden Dashboard ,Jaeger Instrumentation",https://bringatrailer.com/listing/1937-mg-ta-2/
10/31/22,FORD,FOX-BODY MUSTANG,1989,2735,1700,"1,700 Miles Shown",Not Sold,56000.0,1FABP40E5KF289079,"Chassis: 1FABP40E5KF289079 ,1,700 Miles Shown ,302ci V8 ,Five-Speed Manual Transmission ,Limited-Slip Differential ,Black Paint ,Scarlet Red Cloth Upholstery ,Special Value Equipment Group ,Handling Suspension Package ,Power Windows & Locks ,Premium Sound System ,Air Conditioning ,15"" Alloy Wheels ,Cassette Stereo ,Cruise Control ,Window Sticker ,Clean Carfax Report",https://bringatrailer.com/listing/1989-ford-mustang-32/
10/31/22,PORSCHE,911SC,1980,197948,123000,"123k Miles Shown, TMU",Sold,80500.0,91A0131861,"Chassis: 91A0131861 ,123k Miles Shown, TMU ,3.6-Liter VarioRam Flat-Six ,Five-Speed Manual Transmission ,Silver Paint ,Black Upholstery ,16"" Fuchs-Style Wheels ,Carrera Side Graphics ,Whale-Tail Spoiler ,RS-Style Door Panels ,Blaupunkt CD Stereo ,Power Windows ,Sparco Seats ,Roll Bar ,Wevo Shifter ,Five-Point Harness",https://bringatrailer.com/listing/1980-porsche-911sc-79/
10/31/22,NISSAN,370Z,2015,6276,3900,"3,900 Miles",Sold,56000.0,JN1AZ4EH4FM441862,"Chassis: JN1AZ4EH4FM441862 ,3,900 Miles ,3.7-Liter VQ37 V6 ,6-Speed Manual Transmission ,SynchroRev Match ,Limited-Slip Differential ,NISMO Engine & Exhaust Tuning ,Magnetic Black Paint ,Two-Tone Leather & Alcantara Upholstery ,19"" RAYS Forged Alloy Wheels ,NISMO-Tuned Suspension ,NISMO Aerodynamic Body Kit ,Automatic Climate Control ,Bose Sound System ,Navigation ,Clean Carfax Report",https://bringatrailer.com/listing/2015-nissan-370z-5/
