,URL
0,https://bringatrailer.com/acoma/
1,https://bringatrailer.com/acura/integra/
2,https://bringatrailer.com/acura/integra-type-r/
3,https://bringatrailer.com/acura/legend/
4,https://bringatrailer.com/acura/nsx-na1-na2/
5,https://bringatrailer.com/acura/nsx-nc1/
6,https://bringatrailer.com/acura/rsx/
7,https://bringatrailer.com/alfa-romeo/105-sedan/
8,https://bringatrailer.com/alfa-romeo/gtv/
9,https://bringatrailer.com/alfa-romeo/spider/
10,https://bringatrailer.com/alfa-romeo/164/
11,https://bringatrailer.com/alfa-romeo/4c/
12,https://bringatrailer.com/alfa-romeo/75-milano/
13,https://bringatrailer.com/alfa-romeo/giulietta/
14,https://bringatrailer.com/alfa-romeo/8c/
15,https://bringatrailer.com/alfa-romeo/alfetta/
16,https://bringatrailer.com/alfa-romeo/gtv6/
17,https://bringatrailer.com/alfa-romeo/montreal/
18,https://bringatrailer.com/alfa-romeo/sprint-speciale/
19,https://bringatrailer.com/alfa-romeo/sz-rz/
20,https://bringatrailer.com/allard/
21,https://bringatrailer.com/alpine/a110/
22,https://bringatrailer.com/alvis/
23,https://bringatrailer.com/amc/amx/
24,https://bringatrailer.com/amc/gremlin/
25,https://bringatrailer.com/amc/javelin/
26,https://bringatrailer.com/amc/pacer/
27,https://bringatrailer.com/amphicar/model-770/
28,https://bringatrailer.com/aprilia/
29,https://bringatrailer.com/ariel/atom/
30,https://bringatrailer.com/ariel/motorcycles/
31,https://bringatrailer.com/arnolt/
32,https://bringatrailer.com/aston-martin/db7/
33,https://bringatrailer.com/aston-martin/db9/
34,https://bringatrailer.com/aston-martin/dbs/
35,https://bringatrailer.com/aston-martin/rapide/
36,https://bringatrailer.com/aston-martin/v12-vantage/
37,https://bringatrailer.com/aston-martin/v8-vantage/
38,https://bringatrailer.com/aston-martin/vanquish/
39,https://bringatrailer.com/auburn/
40,https://bringatrailer.com/audi/a4/
41,https://bringatrailer.com/audi/a8/
42,https://bringatrailer.com/audi/coupe/
43,https://bringatrailer.com/audi/r8/
44,https://bringatrailer.com/audi/rs2/
45,https://bringatrailer.com/audi/rs4/
46,https://bringatrailer.com/audi/rs6/
47,https://bringatrailer.com/audi/s4/
48,https://bringatrailer.com/audi/s5/
49,https://bringatrailer.com/audi/s6/
50,https://bringatrailer.com/audi/s8/
51,https://bringatrailer.com/audi/tt/
52,https://bringatrailer.com/audi/ur-quattro/
53,https://bringatrailer.com/austin/
54,https://bringatrailer.com/austin-healey/100/
55,https://bringatrailer.com/austin-healey/100-6/
56,https://bringatrailer.com/austin-healey/3000/
57,https://bringatrailer.com/austin-healey/bugeye-sprite/
58,https://bringatrailer.com/austin-healey/sprite-mk-ii-iii-iv/
59,https://bringatrailer.com/autobianchi/
60,https://bringatrailer.com/autozam/az-1/
61,https://bringatrailer.com/bac-mono/
62,https://bringatrailer.com/benelli/
63,https://bringatrailer.com/bentley/35-litre-4-14-liter/
64,https://bringatrailer.com/bentley/arnage/
65,https://bringatrailer.com/bentley/azure/
66,https://bringatrailer.com/bentley/continental-flying-spur/
67,https://bringatrailer.com/bentley/continental-gt/
68,https://bringatrailer.com/bentley/mark-vi/
69,https://bringatrailer.com/bentley/continental-s1-s2-s3/
70,https://bringatrailer.com/bentley/sz-coupe/
71,https://bringatrailer.com/bentley/sz-saloon/
72,https://bringatrailer.com/berkeley/
73,https://bringatrailer.com/bertone/
74,https://bringatrailer.com/bimota/
75,https://bringatrailer.com/bmw/1m/
76,https://bringatrailer.com/bmw/2000cs/
77,https://bringatrailer.com/bmw/2002/
78,https://bringatrailer.com/bmw/2002tii/
79,https://bringatrailer.com/bmw/30-csl/
80,https://bringatrailer.com/bmw/7-series/
81,https://bringatrailer.com/bmw/alpina/
82,https://bringatrailer.com/bmw/e12-5-series/
83,https://bringatrailer.com/bmw/e21-3-series/
84,https://bringatrailer.com/bmw/e24/
85,https://bringatrailer.com/bmw/e24-m6/
86,https://bringatrailer.com/bmw/e28-5-series/
87,https://bringatrailer.com/bmw/e28-m5/
88,https://bringatrailer.com/bmw/e3-bavaria/
89,https://bringatrailer.com/bmw/e30/
90,https://bringatrailer.com/bmw/e30-touring/
91,https://bringatrailer.com/bmw/e30-m3/
92,https://bringatrailer.com/bmw/e31-8-series/
93,https://bringatrailer.com/bmw/e34-5-series/
94,https://bringatrailer.com/bmw/e34-m5/
95,https://bringatrailer.com/bmw/e36-3-series/
96,https://bringatrailer.com/bmw/e36-m3/
97,https://bringatrailer.com/bmw/e36-ti-compact/
98,https://bringatrailer.com/bmw/e39-5-series/
99,https://bringatrailer.com/bmw/e39-m5/
100,https://bringatrailer.com/bmw/e46-3-series-convertible/
101,https://bringatrailer.com/bmw/e46-3series-coupe/
102,https://bringatrailer.com/bmw/e46-3series-sedan/
103,https://bringatrailer.com/bmw/e46-touring/
104,https://bringatrailer.com/bmw/e46-330i-zhp/
105,https://bringatrailer.com/bmw/e46-m3/
106,https://bringatrailer.com/bmw/e60-5-series/
107,https://bringatrailer.com/bmw/e60-m5/
108,https://bringatrailer.com/bmw/e61-5-series-touring/
109,https://bringatrailer.com/bmw/e63-e64-6-series/
110,https://bringatrailer.com/bmw/m6-e63-e64/
111,https://bringatrailer.com/bmw/e82-e88-1-series/
112,https://bringatrailer.com/bmw/e89-z4-roadster/
113,https://bringatrailer.com/bmw/e9/
114,https://bringatrailer.com/bmw/e90-3-series-sedan/
115,https://bringatrailer.com/bmw/e90-e92-m3/
116,https://bringatrailer.com/bmw/e91-3-series-touring/
117,https://bringatrailer.com/bmw/e92-3-series-coupe/
118,https://bringatrailer.com/bmw/f06f12f13-m6/
119,https://bringatrailer.com/bmw/f10-5-series/
120,https://bringatrailer.com/bmw/f10-m5/
121,https://bringatrailer.com/bmw/f31-3-series-touring/
122,https://bringatrailer.com/bmw/f80-m3/
123,https://bringatrailer.com/bmw/f82-f83-m4/
124,https://bringatrailer.com/bmw/f90-m5/
125,https://bringatrailer.com/bmw/g15-8-series/
126,https://bringatrailer.com/bmw/g80-m3/
127,https://bringatrailer.com/bmw/i8/
128,https://bringatrailer.com/bmw/isetta/
129,https://bringatrailer.com/bmw/m1/
130,https://bringatrailer.com/bmw/m2/
131,https://bringatrailer.com/bmw/motorcycles/
132,https://bringatrailer.com/bmw/neue-klasse/
133,https://bringatrailer.com/bmw/x5/
134,https://bringatrailer.com/bmw/z1/
135,https://bringatrailer.com/bmw/z3/
136,https://bringatrailer.com/bmw/m-coupe/
137,https://bringatrailer.com/bmw/m-roadster/
138,https://bringatrailer.com/bmw/z4-coupe-e86/
139,https://bringatrailer.com/bmw/z4-m-coupe/
140,https://bringatrailer.com/bmw/z4-m-roadster/
141,https://bringatrailer.com/bmw/z4-roadster-e85/
142,https://bringatrailer.com/bmw/z8/
143,https://bringatrailer.com/bocar/
144,https://bringatrailer.com/borgward/
145,https://bringatrailer.com/bricklin/sv-1/
146,https://bringatrailer.com/bristol/
147,https://bringatrailer.com/bsa/
148,https://bringatrailer.com/buell/
149,https://bringatrailer.com/bugatti/
150,https://bringatrailer.com/buick/electra/
151,https://bringatrailer.com/buick/gnx/
152,https://bringatrailer.com/buick/grand-national/
153,https://bringatrailer.com/buick/regal/
154,https://bringatrailer.com/buick/riviera/
155,https://bringatrailer.com/buick/roadmaster/
156,https://bringatrailer.com/buick/skylark/
157,https://bringatrailer.com/buick/special/
158,https://bringatrailer.com/buick/super/
159,https://bringatrailer.com/bultaco/
160,https://bringatrailer.com/cadillac/allante/
161,https://bringatrailer.com/cadillac/brougham/
162,https://bringatrailer.com/cadillac/cts-v/
163,https://bringatrailer.com/cadillac/deville/
164,https://bringatrailer.com/cadillac/eldorado/
165,https://bringatrailer.com/cadillac/fleetwood-1985-1996/
166,https://bringatrailer.com/cadillac/series-62/
167,https://bringatrailer.com/cadillac/series-75-fleetwood/
168,https://bringatrailer.com/cadillac/sixty-special/
169,https://bringatrailer.com/cadillac/xlr/
170,https://bringatrailer.com/caterham/
171,https://bringatrailer.com/checker/
172,https://bringatrailer.com/chevrolet/454-ss/
173,https://bringatrailer.com/chevrolet/advance-design-pickup-1947-1955/
174,https://bringatrailer.com/chevrolet/ak-series-pickup-1941-1947/
175,https://bringatrailer.com/chevrolet/blazer-1995-2004/
176,https://bringatrailer.com/chevrolet/blazer-gmt415/
177,https://bringatrailer.com/chevrolet/ck-1960-1966/
178,https://bringatrailer.com/chevrolet/ck-1967-1972/
179,https://bringatrailer.com/chevrolet/ck-1973-1991/
180,https://bringatrailer.com/chevrolet/ck-gmt400-1988-2002/
181,https://bringatrailer.com/chevrolet/camaro-1967-1969/
182,https://bringatrailer.com/chevrolet/chevrolet-camaro-2nd-generation-1970-1981/
183,https://bringatrailer.com/chevrolet/camaro-3rd-generation-1982-1992/
184,https://bringatrailer.com/chevrolet/camaro-4th-generation-1993-2002/
185,https://bringatrailer.com/chevrolet/camaro-5th-generation-2010-2015/
186,https://bringatrailer.com/chevrolet/camaro-6th-generation-2016/
187,https://bringatrailer.com/chevrolet/caprice/
188,https://bringatrailer.com/chevrolet/chevelle/
189,https://bringatrailer.com/chevrolet/colorado/
190,https://bringatrailer.com/chevrolet/corvair/
191,https://bringatrailer.com/chevrolet/c1-corvette/
192,https://bringatrailer.com/chevrolet/c2-corvette/
193,https://bringatrailer.com/chevrolet/c3-corvette/
194,https://bringatrailer.com/chevrolet/c4-corvette/
195,https://bringatrailer.com/chevrolet/c5-corvette/
196,https://bringatrailer.com/chevrolet/c6-corvette/
197,https://bringatrailer.com/chevrolet/corvette-c7/
198,https://bringatrailer.com/chevrolet/c8/
199,https://bringatrailer.com/chevrolet/callaway-corvette/
200,https://bringatrailer.com/chevrolet/el-camino/
201,https://bringatrailer.com/chevrolet/impala/
202,https://bringatrailer.com/chevrolet/k5-blazer-1969-1972/
203,https://bringatrailer.com/chevrolet/k5-blazer-1973-1991/
204,https://bringatrailer.com/chevrolet/kodiak/
205,https://bringatrailer.com/chevrolet/luv/
206,https://bringatrailer.com/chevrolet/monte-carlo/
207,https://bringatrailer.com/chevrolet/nova/
208,https://bringatrailer.com/chevrolet/pickup-1918-1932/
209,https://bringatrailer.com/chevrolet/pickup-1933-1940/
210,https://bringatrailer.com/chevrolet/s-10-1982-1993/
211,https://bringatrailer.com/chevrolet/s-10-1994-2004/
212,https://bringatrailer.com/chevrolet/s-10-blazer-1982-1994/
213,https://bringatrailer.com/chevrolet/silverado-gmt800/
214,https://bringatrailer.com/chevrolet/silverado-gmt800-heavy-duty-2000-2007/
215,https://bringatrailer.com/chevrolet/silverado-k2xx-2014-2019/
216,https://bringatrailer.com/chevrolet/silverado-t1xx-2019/
217,https://bringatrailer.com/chevrolet/ss/
218,https://bringatrailer.com/chevrolet/ssr/
219,https://bringatrailer.com/chevrolet/suburban/
220,https://bringatrailer.com/chevrolet/tahoe-gmt400/
221,https://bringatrailer.com/chevrolet/tahoe-gmt800/
222,https://bringatrailer.com/chevrolet/task-force-pickup-1955-1961/
223,https://bringatrailer.com/chevrolet/trailblazer/
224,https://bringatrailer.com/chevrolet/tri-5/
225,https://bringatrailer.com/chevron/
226,https://bringatrailer.com/chris-craft/
227,https://bringatrailer.com/chrysler/letter-series/
228,https://bringatrailer.com/chrysler/conquest-mitsubishi-starion/
229,https://bringatrailer.com/chrysler/crossfire/
230,https://bringatrailer.com/chrysler/imperial/
231,https://bringatrailer.com/chrysler/k-car/
232,https://bringatrailer.com/chrysler/new-yorker/
233,https://bringatrailer.com/chrysler/sno-runner/
234,https://bringatrailer.com/chrysler/town-country/
235,https://bringatrailer.com/citroen/2cv/
236,https://bringatrailer.com/citroen/ds/
237,https://bringatrailer.com/citroen/sm/
238,https://bringatrailer.com/citroen/traction-avant/
239,https://bringatrailer.com/cord/
240,https://bringatrailer.com/crofton/
241,https://bringatrailer.com/crosley/
242,https://bringatrailer.com/daihatsu/
243,https://bringatrailer.com/daimler/
244,https://bringatrailer.com/datsun/240z/
245,https://bringatrailer.com/datsun/260z/
246,https://bringatrailer.com/datsun/280z/
247,https://bringatrailer.com/datsun/280zx/
248,https://bringatrailer.com/datsun/510/
249,https://bringatrailer.com/datsun/pickup/
250,https://bringatrailer.com/datsun/roadster/
251,https://bringatrailer.com/delahaye/
252,https://bringatrailer.com/delorean/dmc-12/
253,https://bringatrailer.com/desoto/
254,https://bringatrailer.com/detomaso/pantera/
255,https://bringatrailer.com/deutsch-bonnet-db/
256,https://bringatrailer.com/devin/
257,https://bringatrailer.com/diamond-t/
258,https://bringatrailer.com/dkw/
259,https://bringatrailer.com/dodge/challenger/
260,https://bringatrailer.com/dodge/charger/
261,https://bringatrailer.com/dodge/coronet/
262,https://bringatrailer.com/dodge/dart/
263,https://bringatrailer.com/dodge/dodge-military-vehicles/
264,https://bringatrailer.com/dodge/pickup/
265,https://bringatrailer.com/dodge/power-wagon/
266,https://bringatrailer.com/dodge/ram-srt-10-pickup/
267,https://bringatrailer.com/dodge/ramcharger/
268,https://bringatrailer.com/dodge/shelby/
269,https://bringatrailer.com/dodge/stealth/
270,https://bringatrailer.com/dodge/viper/
271,https://bringatrailer.com/dual-ghia/
272,https://bringatrailer.com/ducati/
273,https://bringatrailer.com/duesenberg/
274,https://bringatrailer.com/edsel/
275,https://bringatrailer.com/elva/
276,https://bringatrailer.com/facel-vega/
277,https://bringatrailer.com/factory-five/
278,https://bringatrailer.com/ferrari/250-gt/
279,https://bringatrailer.com/ferrari/308/
280,https://bringatrailer.com/ferrari/308-gt4/
281,https://bringatrailer.com/ferrari/328/
282,https://bringatrailer.com/ferrari/330-gt-2-2/
283,https://bringatrailer.com/ferrari/330-gtc/
284,https://bringatrailer.com/ferrari/348/
285,https://bringatrailer.com/ferrari/360/
286,https://bringatrailer.com/ferrari/365-gt-22/
287,https://bringatrailer.com/ferrari/365gt4-400-400i-412/
288,https://bringatrailer.com/ferrari/365-gtc4/
289,https://bringatrailer.com/ferrari/456/
290,https://bringatrailer.com/ferrari/458/
291,https://bringatrailer.com/ferrari/488/
292,https://bringatrailer.com/ferrari/550-maranello/
293,https://bringatrailer.com/ferrari/575m/
294,https://bringatrailer.com/ferrari/599-gtb-gto/
295,https://bringatrailer.com/ferrari/612-scaglietti/
296,https://bringatrailer.com/ferrari/812-superfast/
297,https://bringatrailer.com/ferrari/berlinetta-boxer/
298,https://bringatrailer.com/ferrari/california/
299,https://bringatrailer.com/ferrari/daytona/
300,https://bringatrailer.com/ferrari/dino/
301,https://bringatrailer.com/ferrari/f12-berlinetta/
302,https://bringatrailer.com/ferrari/f355/
303,https://bringatrailer.com/ferrari/f40/
304,https://bringatrailer.com/ferrari/f430/
305,https://bringatrailer.com/ferrari/f50/
306,https://bringatrailer.com/ferrari/ff/
307,https://bringatrailer.com/ferrari/gtc4lusso/
308,https://bringatrailer.com/ferrari/laferrari/
309,https://bringatrailer.com/ferrari/mondial/
310,https://bringatrailer.com/ferrari/sf90/
311,https://bringatrailer.com/ferrari/testarossa/
312,https://bringatrailer.com/fiat/124-spider/
313,https://bringatrailer.com/fiat/500/
314,https://bringatrailer.com/fiat/600/
315,https://bringatrailer.com/fiat/multipla/
316,https://bringatrailer.com/fiat/850/
317,https://bringatrailer.com/fiat/dino/
318,https://bringatrailer.com/fiat/x19/
319,https://bringatrailer.com/fiberfab/
320,https://bringatrailer.com/fisker/
321,https://bringatrailer.com/ford/bronco-2nd-generation/
322,https://bringatrailer.com/ford/bronco-3rd-generation/
323,https://bringatrailer.com/ford/bronco-4-5th-generations-1987-1997/
324,https://bringatrailer.com/ford/bronco-ii/
325,https://bringatrailer.com/ford/bronco-u13-u14-u15-1966-1977/
326,https://bringatrailer.com/ford/cortina/
327,https://bringatrailer.com/ford/country-squire/
328,https://bringatrailer.com/ford/courier/
329,https://bringatrailer.com/ford/econoline-pickup/
330,https://bringatrailer.com/ford/econoline-van/
331,https://bringatrailer.com/ford/escort-mk1/
332,https://bringatrailer.com/ford/escort-cosworth/
333,https://bringatrailer.com/ford/excursion/
334,https://bringatrailer.com/ford/f-150-lightning-electric/
335,https://bringatrailer.com/ford/f-150-raptor/
336,https://bringatrailer.com/ford/f150-svt-lightning/
337,https://bringatrailer.com/ford/f-series-1948-1952/
338,https://bringatrailer.com/ford/f-series-1953-1956/
339,https://bringatrailer.com/ford/f-series-1957-1960/
340,https://bringatrailer.com/ford/f-series-1961-1966/
341,https://bringatrailer.com/ford/f-series-1967-1972/
342,https://bringatrailer.com/ford/f-series-1973-1979/
343,https://bringatrailer.com/ford/f-series-1980-1986/
344,https://bringatrailer.com/ford/f-series-bricknose-1987-1991/
345,https://bringatrailer.com/ford/f-series-1992-1997/
346,https://bringatrailer.com/ford/f-series-1997-2004/
347,https://bringatrailer.com/ford/f-series-2004-2008/
348,https://bringatrailer.com/ford/f-series-2009-2014/
349,https://bringatrailer.com/ford/f-series-2015-2020/
350,https://bringatrailer.com/ford/f-series-2021/
351,https://bringatrailer.com/ford/fairlane/
352,https://bringatrailer.com/ford/falcon/
353,https://bringatrailer.com/ford/fiesta/
354,https://bringatrailer.com/ford/focus/
355,https://bringatrailer.com/ford/mustang-fox-body/
356,https://bringatrailer.com/ford/galaxie/
357,https://bringatrailer.com/ford/gt/
358,https://bringatrailer.com/ford/gt-2nd-generation/
359,https://bringatrailer.com/ford/gt40-replica/
360,https://bringatrailer.com/ford/hot-rod/
361,https://bringatrailer.com/ford/ltd/
362,https://bringatrailer.com/ford/model-a/
363,https://bringatrailer.com/ford/model-a-pickup-model-aa/
364,https://bringatrailer.com/ford/model-t/
365,https://bringatrailer.com/ford/model-t-pickup-model-tt/
366,https://bringatrailer.com/ford/mustang-1965/
367,https://bringatrailer.com/ford/mustang-1967-1968/
368,https://bringatrailer.com/ford/mustang-1969-1970-1971-1972-1973/
369,https://bringatrailer.com/ford/mustang-ii/
370,https://bringatrailer.com/ford/mustang-mach-e/
371,https://bringatrailer.com/ford/mustang-s197-2005-2014/
372,https://bringatrailer.com/ford/s550-mustang/
373,https://bringatrailer.com/ford/mustang-sn95-1994-2004/
374,https://bringatrailer.com/ford/pickup-1932-1934-model-bb/
375,https://bringatrailer.com/ford/pickup-1935-1936/
376,https://bringatrailer.com/ford/pickup-1937-1939/
377,https://bringatrailer.com/ford/pickup-1940-1947/
378,https://bringatrailer.com/ford/ranchero/
379,https://bringatrailer.com/ford/ranger-1983-1992/
380,https://bringatrailer.com/ford/ranger-1993-1997/
381,https://bringatrailer.com/ford/ranger-1998-2011/
382,https://bringatrailer.com/ford/ranger-2019-2023/
383,https://bringatrailer.com/ford/saleen/
384,https://bringatrailer.com/ford/shelby-mustang/
385,https://bringatrailer.com/ford/de-luxe-super-de-luxe/
386,https://bringatrailer.com/ford/super-duty-1999-2007/
387,https://bringatrailer.com/ford/super-duty-2008-2010/
388,https://bringatrailer.com/ford/super-duty-2011-2016/
389,https://bringatrailer.com/ford/super-duty-2017/
390,https://bringatrailer.com/ford/taurus-sho/
391,https://bringatrailer.com/ford/thunderbird/
392,https://bringatrailer.com/ford/torino/
393,https://bringatrailer.com/ford/tractor/
394,https://bringatrailer.com/ford/u725-bronco/
395,https://bringatrailer.com/gaz/
396,https://bringatrailer.com/geo/tracker-suzuki-sidekick/
397,https://bringatrailer.com/gilera/
398,https://bringatrailer.com/ginetta/
399,https://bringatrailer.com/glas/
400,https://bringatrailer.com/gmc/hummer-ev/
401,https://bringatrailer.com/gmc/jimmy/
402,https://bringatrailer.com/gmc/gmc-pickup/
403,https://bringatrailer.com/gmc/syclone/
404,https://bringatrailer.com/gmc/typhoon/
405,https://bringatrailer.com/gmc/yukon-gmt400/
406,https://bringatrailer.com/gmc/yukon-gmt800/
407,https://bringatrailer.com/goggomobil/
408,https://bringatrailer.com/graham/
409,https://bringatrailer.com/griffith/
410,https://bringatrailer.com/harley-davidson/
411,https://bringatrailer.com/henry-j/
412,https://bringatrailer.com/hillman/
413,https://bringatrailer.com/hispano-suiza/
414,https://bringatrailer.com/honda/accord/
415,https://bringatrailer.com/honda/acty/
416,https://bringatrailer.com/honda/atv/
417,https://bringatrailer.com/honda/beat/
418,https://bringatrailer.com/honda/cbx/
419,https://bringatrailer.com/honda/civic/
420,https://bringatrailer.com/honda/crx/
421,https://bringatrailer.com/honda/element/
422,https://bringatrailer.com/honda/motorcycles/
423,https://bringatrailer.com/honda/n600/
424,https://bringatrailer.com/honda/prelude/
425,https://bringatrailer.com/honda/s2000/
426,https://bringatrailer.com/honda/s600-s800/
427,https://bringatrailer.com/honda/z600/
428,https://bringatrailer.com/hudson/
429,https://bringatrailer.com/hummer/h1/
430,https://bringatrailer.com/hummer/h2/
431,https://bringatrailer.com/hummer/h3/
432,https://bringatrailer.com/hummer/hmmwv-hu/
433,https://bringatrailer.com/hupmobile/
434,https://bringatrailer.com/husqvarna/
435,https://bringatrailer.com/hyundai/
436,https://bringatrailer.com/indian-motorcycles/
437,https://bringatrailer.com/infiniti/
438,https://bringatrailer.com/innocenti/
439,https://bringatrailer.com/intermeccanica/
440,https://bringatrailer.com/international-harvester/loadstar/
441,https://bringatrailer.com/international-harvester/scout/
442,https://bringatrailer.com/international-harvester/travelall/
443,https://bringatrailer.com/international-harvester/xt/
444,https://bringatrailer.com/iso/
445,https://bringatrailer.com/isuzu/trooper/
446,https://bringatrailer.com/jaguar/f-type/
447,https://bringatrailer.com/jaguar/jaguar-mk-vii-viii-ix/
448,https://bringatrailer.com/jaguar/jaguar-mkii/
449,https://bringatrailer.com/jaguar/replica/
450,https://bringatrailer.com/jaguar/s-type-1963-1968/
451,https://bringatrailer.com/jaguar/s-type-1999-2007/
452,https://bringatrailer.com/jaguar/xj/
453,https://bringatrailer.com/jaguar/xjs/
454,https://bringatrailer.com/jaguar/xk/
455,https://bringatrailer.com/jaguar/xk120/
456,https://bringatrailer.com/jaguar/xk140/
457,https://bringatrailer.com/jaguar/xk150/
458,https://bringatrailer.com/jaguar/xk8/
459,https://bringatrailer.com/jaguar/xke-series-1/
460,https://bringatrailer.com/jaguar/xke-series-2/
461,https://bringatrailer.com/jaguar/xke-series-iii/
462,https://bringatrailer.com/jaguar/xkr/
463,https://bringatrailer.com/jeep/cherokee/
464,https://bringatrailer.com/jeep/cj-5/
465,https://bringatrailer.com/jeep/cj-7/
466,https://bringatrailer.com/jeep/cj-8-scrambler/
467,https://bringatrailer.com/jeep/fc/
468,https://bringatrailer.com/jeep/grand-cherokee/
469,https://bringatrailer.com/jeep/grand-wagoneer/
470,https://bringatrailer.com/jeep/jeepster-commando/
471,https://bringatrailer.com/jeep/pickup/
472,https://bringatrailer.com/jeep/wrangler/
473,https://bringatrailer.com/jensen/jensen-healey/
474,https://bringatrailer.com/jensen/interceptor/
475,https://bringatrailer.com/john-deere/
476,https://bringatrailer.com/kaiser/
477,https://bringatrailer.com/kawasaki/
478,https://bringatrailer.com/kellison/
479,https://bringatrailer.com/king-midget/
480,https://bringatrailer.com/ktm/
481,https://bringatrailer.com/kurtis/
482,https://bringatrailer.com/lagonda/
483,https://bringatrailer.com/lamborghini/350-gt-400-gt/
484,https://bringatrailer.com/lamborghini/aventador/
485,https://bringatrailer.com/lamborghini/countach/
486,https://bringatrailer.com/lamborghini/diablo/
487,https://bringatrailer.com/lamborghini/espada/
488,https://bringatrailer.com/lamborghini/gallardo/
489,https://bringatrailer.com/lamborghini/huaracan/
490,https://bringatrailer.com/lamborghini/jalpa/
491,https://bringatrailer.com/lamborghini/jarama/
492,https://bringatrailer.com/lamborghini/murcielago/
493,https://bringatrailer.com/lamborghini/tractor/
494,https://bringatrailer.com/lamborghini/urraco/
495,https://bringatrailer.com/lancia/aurelia/
496,https://bringatrailer.com/lancia/delta/
497,https://bringatrailer.com/lancia/flaminia/
498,https://bringatrailer.com/lancia/flavia/
499,https://bringatrailer.com/lancia/fulvia/
500,https://bringatrailer.com/lancia/scorpion/
501,https://bringatrailer.com/land-rover/defender-110-euro/
502,https://bringatrailer.com/land-rover/defender-130/
503,https://bringatrailer.com/land-rover/90-and-defender-90-euro-spec/
504,https://bringatrailer.com/land-rover/defender-110-nas/
505,https://bringatrailer.com/land-rover/defender-90-nas/
506,https://bringatrailer.com/land-rover/defender-l663/
507,https://bringatrailer.com/land-rover/discovery/
508,https://bringatrailer.com/land-rover/range-rover-classic/
509,https://bringatrailer.com/land-rover/range-rover-l322/
510,https://bringatrailer.com/land-rover/range-rover-l405/
511,https://bringatrailer.com/land-rover/range-rover-l460/
512,https://bringatrailer.com/land-rover/range-rover-p38a/
513,https://bringatrailer.com/land-rover/range-rover-sport-l320/
514,https://bringatrailer.com/land-rover/series-109/
515,https://bringatrailer.com/land-rover/series-88/
516,https://bringatrailer.com/lasalle/
517,https://bringatrailer.com/laverda/
518,https://bringatrailer.com/lexus/is/
519,https://bringatrailer.com/lexus/lfa/
520,https://bringatrailer.com/lexus/ls-sedan/
521,https://bringatrailer.com/lexus/lx450/
522,https://bringatrailer.com/lexus/lx470/
523,https://bringatrailer.com/lexus/lx570/
524,https://bringatrailer.com/lexus/sc-coupe/
525,https://bringatrailer.com/leyland/
526,https://bringatrailer.com/lincoln/continental/
527,https://bringatrailer.com/lincoln/town-car/
528,https://bringatrailer.com/local-motors/
529,https://bringatrailer.com/locomobile/
530,https://bringatrailer.com/lola/
531,https://bringatrailer.com/lotus/cortina/
532,https://bringatrailer.com/lotus/elan/
533,https://bringatrailer.com/lotus/elise/
534,https://bringatrailer.com/lotus/elite/
535,https://bringatrailer.com/lotus/esprit/
536,https://bringatrailer.com/lotus/europa/
537,https://bringatrailer.com/lotus/evora/
538,https://bringatrailer.com/lotus/exige/
539,https://bringatrailer.com/lotus/seven/
540,https://bringatrailer.com/lucid/air/
541,https://bringatrailer.com/mack/
542,https://bringatrailer.com/maico/
543,https://bringatrailer.com/march/
544,https://bringatrailer.com/marcos/
545,https://bringatrailer.com/marmon/
546,https://bringatrailer.com/maserati/3500-gt/
547,https://bringatrailer.com/maserati/bora/
548,https://bringatrailer.com/maserati/coupe-spyder/
549,https://bringatrailer.com/maserati/ghibli/
550,https://bringatrailer.com/maserati/granturismo/
551,https://bringatrailer.com/maserati/merak/
552,https://bringatrailer.com/maserati/mistral/
553,https://bringatrailer.com/maserati/quattroporte/
554,https://bringatrailer.com/matra/
555,https://bringatrailer.com/mauck/
556,https://bringatrailer.com/maybach/
557,https://bringatrailer.com/mazda/cosmo/
558,https://bringatrailer.com/mazda/na-mx-5-miata/
559,https://bringatrailer.com/mazda/nb-mx-5-miata/
560,https://bringatrailer.com/mazda/nc-mx-5-miata/
561,https://bringatrailer.com/mazda/nd-mx-5-miata/
562,https://bringatrailer.com/mazda/rx-7-fb/
563,https://bringatrailer.com/mazda/rx-7-fc/
564,https://bringatrailer.com/mazda/rx-7-fd/
565,https://bringatrailer.com/mazda/rx-8/
566,https://bringatrailer.com/mclaren/gt/
567,https://bringatrailer.com/mclaren/mp4-12c/
568,https://bringatrailer.com/mclaren/race-cars/
569,https://bringatrailer.com/mclaren/sports-series/
570,https://bringatrailer.com/mclaren/super-series/
571,https://bringatrailer.com/mclaren/ultimate-series/
572,https://bringatrailer.com/mercedes-benz/190e-23-16/
573,https://bringatrailer.com/mercedes-benz/190sl/
574,https://bringatrailer.com/mercedes-benz/300sl/
575,https://bringatrailer.com/mercedes-benz/450sel-69/
576,https://bringatrailer.com/mercedes-benz/500e-e500/
577,https://bringatrailer.com/mercedes-benz/600/
578,https://bringatrailer.com/mercedes-benz/amg/
579,https://bringatrailer.com/mercedes-benz/amg-gt/
580,https://bringatrailer.com/mercedes-benz/brabus/
581,https://bringatrailer.com/mercedes-benz/c107-slc/
582,https://bringatrailer.com/mercedes-benz/c126/
583,https://bringatrailer.com/mercedes-benz/cl-class/
584,https://bringatrailer.com/mercedes-benz/clk-class/
585,https://bringatrailer.com/mercedes-benz/clk63-amg-black-series/
586,https://bringatrailer.com/mercedes-benz/cls-class/
587,https://bringatrailer.com/mercedes-benz/e55-amg-wagon-e63-amg-wagon/
588,https://bringatrailer.com/mercedes-benz/g-class/
589,https://bringatrailer.com/mercedes-benz/m-class/
590,https://bringatrailer.com/mercedes-benz/ponton/
591,https://bringatrailer.com/mercedes-benz/r107/
592,https://bringatrailer.com/mercedes-benz/r129/
593,https://bringatrailer.com/mercedes-benz/r230-sl/
594,https://bringatrailer.com/mercedes-benz/mercedes-benz-r231-sl/
595,https://bringatrailer.com/mercedes-benz/r63-amg/
596,https://bringatrailer.com/mercedes-benz/slk/
597,https://bringatrailer.com/mercedes-benz/slr-mclaren/
598,https://bringatrailer.com/mercedes-benz/sls-amg/
599,https://bringatrailer.com/mercedes-benz/unimog/
600,https://bringatrailer.com/mercedes-benz/w108-w109/
601,https://bringatrailer.com/mercedes-benz/w111-coupe/
602,https://bringatrailer.com/mercedes-benz/w113/
603,https://bringatrailer.com/mercedes-benz/w114-w115/
604,https://bringatrailer.com/mercedes-benz/w116-s-class/
605,https://bringatrailer.com/mercedes-benz/w123/
606,https://bringatrailer.com/mercedes-benz/w124/
607,https://bringatrailer.com/mercedes-benz/w126/
608,https://bringatrailer.com/mercedes-benz/w140-s-class/
609,https://bringatrailer.com/mercedes-benz/190e-w201/
610,https://bringatrailer.com/mercedes-benz/w202-c-class/
611,https://bringatrailer.com/mercedes-benz/w202-c36-c43-amg/
612,https://bringatrailer.com/mercedes-benz/w203-c-class/
613,https://bringatrailer.com/mercedes-benz/w203-c55-c32-amg/
614,https://bringatrailer.com/mercedes-benz/w204-c-class/
615,https://bringatrailer.com/mercedes-benz/w204-c63-amg/
616,https://bringatrailer.com/mercedes-benz/w205-c-class/
617,https://bringatrailer.com/mercedes-benz/w205-c43-c63-amg/
618,https://bringatrailer.com/mercedes-benz/w210-e-class/
619,https://bringatrailer.com/mercedes-benz/w211-e-class/
620,https://bringatrailer.com/mercedes-benz/w212-e-class/
621,https://bringatrailer.com/mercedes-benz/w213-e-class/
622,https://bringatrailer.com/mercedes-benz/w220-s-class/
623,https://bringatrailer.com/mercedes-benz/w221-s-class/
624,https://bringatrailer.com/mercedes-benz/w222-s-class/
625,https://bringatrailer.com/mercury/comet/
626,https://bringatrailer.com/mercury/cougar/
627,https://bringatrailer.com/mercury/eight/
628,https://bringatrailer.com/mercury/monterey/
629,https://bringatrailer.com/merkur/
630,https://bringatrailer.com/messerschmitt/
631,https://bringatrailer.com/meteor/
632,https://bringatrailer.com/meyers-manx/
633,https://bringatrailer.com/mg/mga/
634,https://bringatrailer.com/mg/mgb/
635,https://bringatrailer.com/mg/mgc/
636,https://bringatrailer.com/mg/midget/
637,https://bringatrailer.com/mg/tc/
638,https://bringatrailer.com/mg/td/
639,https://bringatrailer.com/mg/tf/
640,https://bringatrailer.com/mini/classic-mini/
641,https://bringatrailer.com/mini/modern/
642,https://bringatrailer.com/mini/moke/
643,https://bringatrailer.com/mitsubishi/3000gt/
644,https://bringatrailer.com/mitsubishi/delica/
645,https://bringatrailer.com/mitsubishi/eclipse-eagle-talon-plymouth-laser/
646,https://bringatrailer.com/mitsubishi/lancer-evolution/
647,https://bringatrailer.com/mitsubishi/pajero-montero/
648,https://bringatrailer.com/moretti/
649,https://bringatrailer.com/morgan/3-wheeler/
650,https://bringatrailer.com/morgan/44/
651,https://bringatrailer.com/morgan/aero-8/
652,https://bringatrailer.com/morgan/plus-4/
653,https://bringatrailer.com/morgan/plus-8/
654,https://bringatrailer.com/morgan/roadster/
655,https://bringatrailer.com/morris/minor/
656,https://bringatrailer.com/mosler/
657,https://bringatrailer.com/moto-guzzi/
658,https://bringatrailer.com/muntz/
659,https://bringatrailer.com/mv-agusta/
660,https://bringatrailer.com/nash/metropolitan/
661,https://bringatrailer.com/nissan/240sx/
662,https://bringatrailer.com/nissan/300zx/
663,https://bringatrailer.com/nissan/350z/
664,https://bringatrailer.com/nissan/370z/
665,https://bringatrailer.com/nissan/skyline-c10/
666,https://bringatrailer.com/nissan/c110-skyline/
667,https://bringatrailer.com/nissan/figaro/
668,https://bringatrailer.com/nissan/gtr-r35/
669,https://bringatrailer.com/nissan/pao/
670,https://bringatrailer.com/nissan/pathfinder/
671,https://bringatrailer.com/nissan/patrol/
672,https://bringatrailer.com/nissan/pickup/
673,https://bringatrailer.com/nissan/r32-skyline/
674,https://bringatrailer.com/nissan/r33-skyline/
675,https://bringatrailer.com/nissan/r34-skyline/
676,https://bringatrailer.com/nissan/sentra-se-r/
677,https://bringatrailer.com/nissan/skyline-s50-series/
678,https://bringatrailer.com/noble/
679,https://bringatrailer.com/norton/
680,https://bringatrailer.com/nsu/
681,https://bringatrailer.com/oldsmobile/442/
682,https://bringatrailer.com/oldsmobile/88/
683,https://bringatrailer.com/oldsmobile/cutlass/
684,https://bringatrailer.com/oldsmobile/hurst-olds/
685,https://bringatrailer.com/oldsmobile/toronado/
686,https://bringatrailer.com/opel/gt/
687,https://bringatrailer.com/packard/eight/
688,https://bringatrailer.com/paige/
689,https://bringatrailer.com/panhard/
690,https://bringatrailer.com/panoz/esperante/
691,https://bringatrailer.com/parts-and-automobilia/artwork/
692,https://bringatrailer.com/parts-and-automobilia/engines/
693,https://bringatrailer.com/parts-and-automobilia/furniture/
694,https://bringatrailer.com/parts-and-automobilia/gearboxes/
695,https://bringatrailer.com/parts-and-automobilia/signs/
696,https://bringatrailer.com/parts-and-automobilia/timers/
697,https://bringatrailer.com/parts-and-automobilia/wheels-borrani/
698,https://bringatrailer.com/parts-and-automobilia/wheels-fuchs/
699,https://bringatrailer.com/peerless/
700,https://bringatrailer.com/peugeot/
701,https://bringatrailer.com/pierce-arrow/
702,https://bringatrailer.com/pininfarina/
703,https://bringatrailer.com/pinzgauer/
704,https://bringatrailer.com/plymouth/barracuda/
705,https://bringatrailer.com/plymouth/fury/
706,https://bringatrailer.com/plymouth/prowler/
707,https://bringatrailer.com/plymouth/road-runner/
708,https://bringatrailer.com/plymouth/superbird-dodge-charger-daytona/
709,https://bringatrailer.com/polestar/
710,https://bringatrailer.com/pontiac/bonneville/
711,https://bringatrailer.com/pontiac/catalina/
712,https://bringatrailer.com/pontiac/fiero/
713,https://bringatrailer.com/pontiac/firebird/
714,https://bringatrailer.com/pontiac/grand-prix/
715,https://bringatrailer.com/pontiac/pontiac-gto/
716,https://bringatrailer.com/pontiac/solstice-saturn-sky/
717,https://bringatrailer.com/pontiac/le-mans/
718,https://bringatrailer.com/porsche/356/
719,https://bringatrailer.com/porsche/356-speedster/
720,https://bringatrailer.com/porsche/356-speedster-replica/
721,https://bringatrailer.com/porsche/550-spyder-replica/
722,https://bringatrailer.com/porsche/911-carrera-1974-1977/
723,https://bringatrailer.com/porsche/911-carrera-3-2/
724,https://bringatrailer.com/porsche/911-gt2/
725,https://bringatrailer.com/porsche/911-gt3/
726,https://bringatrailer.com/porsche/911-rs-america/
727,https://bringatrailer.com/porsche/911-safari/
728,https://bringatrailer.com/porsche/911-speedster/
729,https://bringatrailer.com/porsche/911sc/
730,https://bringatrailer.com/porsche/912/
731,https://bringatrailer.com/porsche/912e/
732,https://bringatrailer.com/porsche/914-171820/
733,https://bringatrailer.com/porsche/914-6/
734,https://bringatrailer.com/porsche/918-spyder/
735,https://bringatrailer.com/porsche/924/
736,https://bringatrailer.com/porsche/928/
737,https://bringatrailer.com/porsche/930-turbo/
738,https://bringatrailer.com/porsche/944-951/
739,https://bringatrailer.com/porsche/944-turbo/
740,https://bringatrailer.com/porsche/959/
741,https://bringatrailer.com/porsche/964/
742,https://bringatrailer.com/porsche/964-turbo/
743,https://bringatrailer.com/porsche/968/
744,https://bringatrailer.com/porsche/981-boxster/
745,https://bringatrailer.com/porsche/981-cayman/
746,https://bringatrailer.com/porsche/982-718-boxster/
747,https://bringatrailer.com/porsche/982-718-cayman/
748,https://bringatrailer.com/porsche/986-boxster/
749,https://bringatrailer.com/porsche/987-boxster/
750,https://bringatrailer.com/porsche/987-cayman/
751,https://bringatrailer.com/porsche/991-911/
752,https://bringatrailer.com/porsche/991-911-turbo/
753,https://bringatrailer.com/porsche/992-911/
754,https://bringatrailer.com/porsche/992-turbo/
755,https://bringatrailer.com/porsche/993/
756,https://bringatrailer.com/porsche/993-turbo/
757,https://bringatrailer.com/porsche/996-911/
758,https://bringatrailer.com/porsche/996-turbo/
759,https://bringatrailer.com/porsche/997-911/
760,https://bringatrailer.com/porsche/997-turbo/
761,https://bringatrailer.com/porsche/carrera-gt/
762,https://bringatrailer.com/porsche/cayenne/
763,https://bringatrailer.com/porsche/cayman-gt4/
764,https://bringatrailer.com/porsche/emory-outlaw/
765,https://bringatrailer.com/porsche/longhood-911/
766,https://bringatrailer.com/porsche/panamera/
767,https://bringatrailer.com/porsche/singer/
768,https://bringatrailer.com/porsche/taycan/
769,https://bringatrailer.com/porsche/tractor/
770,https://bringatrailer.com/puch/
771,https://bringatrailer.com/puma/
772,https://bringatrailer.com/qvale/
773,https://bringatrailer.com/radical/
774,https://bringatrailer.com/rambler/
775,https://bringatrailer.com/renault/r5-turbo/
776,https://bringatrailer.com/reo/
777,https://bringatrailer.com/reynard/
778,https://bringatrailer.com/riley/
779,https://bringatrailer.com/rivian/r1s/
780,https://bringatrailer.com/rivian/r1t/
781,https://bringatrailer.com/rolls-royce/corniche/
782,https://bringatrailer.com/rolls-royce/phantom-i-ii-iii/
783,https://bringatrailer.com/rolls-royce/silver-cloud/
784,https://bringatrailer.com/rolls-royce/silver-shadow/
785,https://bringatrailer.com/rolls-royce/sz-silver-spirit-silver-spur/
786,https://bringatrailer.com/rossion/
787,https://bringatrailer.com/rover/
788,https://bringatrailer.com/ruf/
789,https://bringatrailer.com/saab/9-3/
790,https://bringatrailer.com/saab/viggen/
791,https://bringatrailer.com/saab/900/
792,https://bringatrailer.com/saab/9000/
793,https://bringatrailer.com/saab/96/
794,https://bringatrailer.com/saab/sonett/
795,https://bringatrailer.com/saturn/sky/
796,https://bringatrailer.com/scion/
797,https://bringatrailer.com/sears-allstate/
798,https://bringatrailer.com/shelby/cobra-csx2000-csx3000/
799,https://bringatrailer.com/shelby/cobra-replica/
800,https://bringatrailer.com/shelby/csx-cobra-continuation/
801,https://bringatrailer.com/shelby/daytona-coupe-replica/
802,https://bringatrailer.com/shelby/mustanggt350gt500/
803,https://bringatrailer.com/simca/
804,https://bringatrailer.com/singer/
805,https://bringatrailer.com/skoda/
806,https://bringatrailer.com/spyker/
807,https://bringatrailer.com/standard/
808,https://bringatrailer.com/sterling/
809,https://bringatrailer.com/steyr/
810,https://bringatrailer.com/studebaker/avanti/
811,https://bringatrailer.com/studebaker/hawk/
812,https://bringatrailer.com/studebaker/lark/
813,https://bringatrailer.com/studebaker/pickup/
814,https://bringatrailer.com/stutz/
815,https://bringatrailer.com/subaru/brat/
816,https://bringatrailer.com/subaru/impreza-wrx/
817,https://bringatrailer.com/subaru/svx/
818,https://bringatrailer.com/subaru/wrx-sti/
819,https://bringatrailer.com/sunbeam/alpine/
820,https://bringatrailer.com/sunbeam/tiger/
821,https://bringatrailer.com/superformance/
822,https://bringatrailer.com/suzuki/motorcycles/
823,https://bringatrailer.com/suzuki/samurai/
824,https://bringatrailer.com/tatra/
825,https://bringatrailer.com/tesla/
826,https://bringatrailer.com/toyota/2000gt/
827,https://bringatrailer.com/toyota/4runner/
828,https://bringatrailer.com/toyota/ae86/
829,https://bringatrailer.com/toyota/aw11-mr2/
830,https://bringatrailer.com/toyota/celica/
831,https://bringatrailer.com/toyota/corolla/
832,https://bringatrailer.com/toyota/fj-cruiser/
833,https://bringatrailer.com/toyota/land-cruiser-100-series/
834,https://bringatrailer.com/toyota/200-series-land-cruiser/
835,https://bringatrailer.com/toyota/land-cruiser-fj60-fj62/
836,https://bringatrailer.com/toyota/land-cruiser-70-series/
837,https://bringatrailer.com/toyota/land-cruiser-fj80-fzj80/
838,https://bringatrailer.com/toyota/fj40/
839,https://bringatrailer.com/toyota/land-cruiser-fj43/
840,https://bringatrailer.com/toyota/land-cruiser-fj45/
841,https://bringatrailer.com/toyota/land-cruiser-fj55/
842,https://bringatrailer.com/toyota/land-cruiser-prado-90-series/
843,https://bringatrailer.com/toyota/pickup/
844,https://bringatrailer.com/toyota/supra/
845,https://bringatrailer.com/toyota/sw20-mr2/
846,https://bringatrailer.com/toyota/w30-mr2/
847,https://bringatrailer.com/triumph/gt6/
848,https://bringatrailer.com/triumph/motorcycles/
849,https://bringatrailer.com/triumph/spitfire/
850,https://bringatrailer.com/triumph/tr2/
851,https://bringatrailer.com/triumph/tr3/
852,https://bringatrailer.com/triumph/tr4/
853,https://bringatrailer.com/triumph/tr250/
854,https://bringatrailer.com/triumph/tr6/
855,https://bringatrailer.com/triumph/wedge/
856,https://bringatrailer.com/turner/
857,https://bringatrailer.com/tvr/2500m/
858,https://bringatrailer.com/twin-coach/
859,https://bringatrailer.com/ural/
860,https://bringatrailer.com/vauxhall/
861,https://bringatrailer.com/venturi/
862,https://bringatrailer.com/vespa/
863,https://bringatrailer.com/vincent/
864,https://bringatrailer.com/volkswagen/beetle/
865,https://bringatrailer.com/volkswagen/bus-type-2/
866,https://bringatrailer.com/volkswagen/corrado/
867,https://bringatrailer.com/volkswagen/eurovan/
868,https://bringatrailer.com/volkswagen/golf-rabbit-cabriolet/
869,https://bringatrailer.com/volkswagen/gti-mk1/
870,https://bringatrailer.com/volkswagen/gti-mk2/
871,https://bringatrailer.com/volkswagen/gti-mk3/
872,https://bringatrailer.com/volkswagen/gti-mk4/
873,https://bringatrailer.com/volkswagen/volkswagen-gti-mk7/
874,https://bringatrailer.com/volkswagen/karmann-ghia/
875,https://bringatrailer.com/volkswagen/phaeton/
876,https://bringatrailer.com/volkswagen/r32/
877,https://bringatrailer.com/volkswagen/scirocco/
878,https://bringatrailer.com/volkswagen/thing/
879,https://bringatrailer.com/volkswagen/type-3/
880,https://bringatrailer.com/volkswagen/vanagon/
881,https://bringatrailer.com/volvo/140/
882,https://bringatrailer.com/volvo/1800es/
883,https://bringatrailer.com/volvo/240/
884,https://bringatrailer.com/volvo/amazon/
885,https://bringatrailer.com/volvo/p1800/
886,https://bringatrailer.com/volvo/pv444-pv544/
887,https://bringatrailer.com/volvo/v70r/
888,https://bringatrailer.com/willys/cj-2a/
889,https://bringatrailer.com/willys/jeepster/
890,https://bringatrailer.com/woodill/
891,https://bringatrailer.com/yamaha/
892,https://bringatrailer.com/zenos/
893,https://bringatrailer.com/zimmer/
