,url
0,https://bringatrailer.com/listing/bertone-pininfarina-sign/
0,https://bringatrailer.com/listing/bertone-pininfarina-sign/
0,https://bringatrailer.com/listing/bertone-pininfarina-sign/
0,https://bringatrailer.com/listing/1952-hudson-hornet-4-2/
0,https://bringatrailer.com/listing/bertone-pininfarina-sign/
0,https://bringatrailer.com/listing/bertone-pininfarina-sign/
0,https://bringatrailer.com/listing/1952-hudson-hornet-4-2/
0,https://bringatrailer.com/listing/bertone-pininfarina-sign/
0,https://bringatrailer.com/listing/bertone-pininfarina-sign/
0,https://bringatrailer.com/listing/1952-hudson-hornet-4-2/
0,https://bringatrailer.com/listing/bertone-pininfarina-sign/
0,https://bringatrailer.com/listing/bertone-pininfarina-sign/
0,https://bringatrailer.com/listing/1952-hudson-hornet-4-2/
0,https://bringatrailer.com/listing/bertone-pininfarina-sign/
0,https://bringatrailer.com/listing/bertone-pininfarina-sign/
0,https://bringatrailer.com/listing/1952-hudson-hornet-4-2/
0,https://bringatrailer.com/listing/bertone-pininfarina-sign/
0,https://bringatrailer.com/listing/bertone-pininfarina-sign/
0,https://bringatrailer.com/listing/1952-hudson-hornet-4-2/
0,https://bringatrailer.com/listing/bertone-pininfarina-sign/
0,https://bringatrailer.com/listing/2007-spyker-c8-c8/
